latitude,longitude,density,hour
17.23176776739204,78.58682519594971,775,19
17.471651522011037,78.42718550044398,839,19
17.35359626123914,78.59292124801085,516,1
17.441205911660916,78.47455677857101,473,10
17.307280703101686,78.34334241289864,251,1
17.514017781060844,78.54034811613465,738,14
17.57076625682665,78.35202484754444,426,17
17.3321680181358,78.56954561863316,576,20
17.51194754659011,78.64561522028703,580,17
17.329125815846638,78.36528508509616,736,10
17.252871129968167,78.49982127945847,701,23
17.460889928880675,78.48969464835828,319,21
17.26235083070031,78.5339009442831,966,20
17.53297552968226,78.51262187324967,789,6
17.56973969919611,78.32397361119304,513,13
17.5573868309933,78.52256596781876,670,21
17.345514780978217,78.37507654932847,374,3
17.566966782252425,78.34070486471836,303,19
17.32947585056382,78.46841885776958,368,23
17.354332130048217,78.3914776230127,50,15
17.292242246466525,78.55740730492228,883,14
17.500393933756758,78.58490873967642,673,12
17.397909026349023,78.40647009428488,265,13
17.237039226737625,78.61247641325703,606,0
17.591416007201847,78.55774577850653,63,3
17.573699946350946,78.3615692960021,986,6
17.47767022610337,78.46837342653077,430,5
17.356514399800155,78.60969696636144,61,6
17.591670314230328,78.30185286743887,125,1
17.58379297394742,78.57212023640936,538,15
17.296352597007473,78.30904205766639,223,5
17.434180585954078,78.46639118563957,774,1
17.59856913154411,78.43713705611516,782,1
17.3792495182891,78.51414547267048,505,15
17.21333458784235,78.42822317350446,138,20
17.327525146002436,78.3312335673458,54,13
17.295506690217575,78.31459348865204,496,15
17.59754391274506,78.35359541901819,62,7
17.437984563764225,78.34978504952527,690,11
17.341042131502558,78.57498771492769,931,9
17.471646209212935,78.62342646454921,175,22
17.504905185991014,78.55868184732275,984,8
17.36789761300619,78.55821724797335,761,17
17.239384147180743,78.5587537458176,939,9
17.257746726213977,78.57986667917143,592,5
17.45693800698361,78.52247261867569,291,1
17.583177365015274,78.4589968048564,45,2
17.392894441077384,78.4769681426177,481,20
17.250267832574163,78.55446156527339,992,9
17.205111521533656,78.31449461351423,114,8
17.433342636369158,78.51025468398018,922,15
17.479061503015757,78.59494514036506,912,3
17.568873128068248,78.54187484750182,189,5
17.52109179775386,78.39624576774906,398,7
17.572955308654127,78.59941372317603,722,12
17.567916449106388,78.56779605723227,752,23
17.53167774780857,78.34116280710798,172,7
17.2260175116536,78.32915667952564,174,5
17.58597056798305,78.31557845546288,997,7
17.325638062440095,78.46691282168908,53,21
17.249417471586522,78.44722270785981,510,10
17.346510635170723,78.33945698228463,905,16
17.48160978080347,78.54228906446725,70,15
17.558793218361547,78.30333232077916,300,3
17.41924218038905,78.60577220673841,921,10
17.362177304892235,78.46491215116829,54,23
17.37215887150173,78.44880519458677,53,23
17.27380395548889,78.59163578858748,341,14
17.364421232810802,78.30617914978608,480,14
17.264758295773543,78.33080240378229,305,1
17.39107330237843,78.39964674471288,792,22
17.340788554971297,78.48297010082416,80,0
17.51621385290762,78.64905092428576,66,16
17.302784145135455,78.51480287353588,413,17
17.58872725561939,78.57005051742433,616,15
17.393387041023054,78.48477257377394,34,21
17.343522335789775,78.36271020921687,846,12
17.415637666524866,78.49933070747957,637,17
17.36136032168085,78.60557598365712,348,14
17.269765337595995,78.52198548516732,326,14
17.270314593002634,78.39117168356887,348,0
17.29132874910599,78.45738522170174,267,16
17.27331954692041,78.63149915816328,66,7
17.385447306461632,78.30636294032972,751,17
17.450571913235432,78.55696285587231,632,23
17.331643567226852,78.34581264626928,986,12
17.597055804432006,78.45963544962518,368,6
17.534077852743433,78.34316970910126,721,1
17.5742815511645,78.32042971454796,857,19
17.55959811568442,78.55545563154942,405,5
17.262195291748064,78.44106591116378,312,14
17.392240449926,78.62568156369137,431,17
17.447015310941527,78.63054625675593,340,12
17.368204164749176,78.34113148157431,901,16
17.301806779867782,78.44760440893356,412,12
17.21778854949429,78.42069308621177,341,7
17.42765804095511,78.42106816338047,775,20
17.457832209877484,78.62834704165454,433,19
17.368376526367253,78.3689212580837,760,11
17.384885011911734,78.41176588294579,286,20
17.479010508433774,78.62584651170853,781,21
17.583317748764173,78.55226412449284,585,20
17.46294992079738,78.32916007555457,928,21
17.242638476846846,78.61434726703826,875,15
17.308083945586823,78.38860348679553,537,18
17.49568668023784,78.31526816121762,90,23
17.405988191843925,78.4230408229992,237,5
17.4119605952666,78.51198049345405,723,1
17.590919869057977,78.40288219278706,231,9
17.392467069759032,78.57188144123278,39,8
17.315293715757942,78.51677864728775,613,19
17.45906511802032,78.57647637465551,885,16
17.550290785914616,78.54761232371327,717,20
17.275004188902138,78.5972293640285,915,8
17.472622705874606,78.58130456163627,334,14
17.413949116579552,78.50243423434593,693,4
17.49349229598526,78.56153752782792,513,22
17.257378667336678,78.52135154884486,776,20
17.29181055731973,78.47501929482524,382,23
17.331442344737336,78.54279472786267,151,8
17.212289055918173,78.6391410756947,843,13
17.20145996844248,78.35798558614587,398,10
17.274459171383164,78.51079876719444,748,18
17.36232948497666,78.46219515441096,921,11
17.446356961545973,78.46687744332445,20,11
17.2217977482752,78.54410156360039,455,6
17.596026032094294,78.5626713880116,924,15
17.36652579610152,78.31676197675395,551,10
17.494162424468126,78.43274407175586,278,18
17.32519275310775,78.49277000071778,576,7
17.575691749574617,78.43128863289633,641,10
17.561607889799774,78.60465614262078,642,18
17.272365351833194,78.57813868284084,973,13
17.332110595893933,78.51655458936476,252,9
17.312800273716846,78.64148565637562,518,0
17.58945717569228,78.63039519292701,282,19
17.574503620389013,78.45259575831506,883,5
17.240205321468807,78.35403439955276,827,4
17.589924966991564,78.36903367024782,290,2
17.4705237486709,78.61910495430392,596,19
17.216523598005207,78.52049107036576,322,14
17.573582788238365,78.51054316775048,826,9
17.513746489256025,78.36310250947838,736,2
17.31838913870419,78.44375808790488,81,7
17.480990526513736,78.43227023662665,185,12
17.21008234280804,78.44792910174444,819,13
17.35431550012804,78.33592281834396,17,14
17.542529735185013,78.50712373165854,972,12
17.320327644610717,78.39390295661588,919,14
17.49103823017036,78.35031236222973,971,11
17.566372447975347,78.30508103975407,691,1
17.257931558654683,78.48586729651021,81,10
17.46158445523753,78.4687242952026,623,3
17.443495976706288,78.57222607005323,103,6
17.350807561477904,78.40432770473294,498,2
17.56820507954537,78.3927054726725,133,23
17.285880278551062,78.31925812326358,486,2
17.585708363624928,78.52084918874687,878,10
17.476508419945667,78.46488288079402,59,3
17.365196623868272,78.49018112458866,211,6
17.4664025897564,78.5430908820523,574,8
17.38751762936575,78.48997862409199,823,2
17.216672752141445,78.4242364479281,336,5
17.530113386165535,78.47292136495878,427,18
17.31987675943814,78.41195270968727,517,6
17.364319512492628,78.43211247076665,179,5
17.2860477146989,78.57747132827294,469,13
17.239278653997598,78.60358319800646,167,10
17.525236505579482,78.54340781191672,602,5
17.578805900977788,78.59157796085131,133,2
17.59656885850918,78.31237932229043,276,6
17.36537531620955,78.52050737563114,817,15
17.52674797644115,78.48809976975608,180,12
17.42741847783101,78.30291636094472,550,13
17.383963008858377,78.64967216608503,502,13
17.442011523204727,78.34484350658008,381,15
17.38381485708336,78.64462787562641,116,3
17.310774646365036,78.54928421996702,28,3
17.571147702279912,78.45993132392925,498,23
17.447323041322512,78.5855932684662,405,6
17.344002341310425,78.40196204793266,549,15
17.370528008558473,78.53971659202068,52,20
17.29894687067267,78.44569829062173,430,4
17.5411242150692,78.53211358749599,842,20
17.2756386042682,78.4673725054172,808,9
17.597244679826154,78.36715454759629,509,12
17.571745700621303,78.41246345613476,722,16
17.43149859840035,78.57514487486559,556,18
17.20441611349808,78.6166253677213,502,1
17.473878359869868,78.5725334098043,863,6
17.27827132423507,78.50029441398532,137,1
17.54963699179557,78.45283544417485,152,18
17.40113077437985,78.45180943577749,801,15
17.245542541945657,78.63012405166901,269,23
17.325965234064746,78.56769230192728,636,23
17.292607782604716,78.41301106130344,643,22
17.46089461023126,78.40150859357303,396,13
17.209905033440023,78.49977686456515,261,16
17.261146999191716,78.30525482491097,966,6
17.26906068574284,78.49197817630555,167,1
17.477414582839206,78.40910304169151,109,19
17.59152926034797,78.47514355158266,85,21
17.35410101919111,78.52701900037337,563,19
17.547217130611465,78.5636048311912,454,18
17.5226801186855,78.58364351218925,966,6
17.355074862287672,78.55017600585634,116,14
17.20819565989813,78.55885876107091,365,13
17.346493247274033,78.64812105158114,622,17
17.2528773043444,78.63389374081987,765,2
17.230237200165764,78.45536890519594,520,19
17.478968333825705,78.58743719825358,676,2
17.465318860984176,78.61560349969464,745,8
17.443045487546726,78.5454709814349,914,19
17.366293386231664,78.47275634907481,560,14
17.3298724705816,78.56290946931325,65,1
17.342317678796917,78.48008375584234,375,17
17.593571280136914,78.39843828786424,951,6
17.59204615679736,78.58715944310616,786,22
17.305775329291272,78.50599090947135,683,7
17.558559534930236,78.32532089441582,528,6
17.431576579217587,78.56565476170206,211,2
17.24505962515116,78.54251669781513,652,5
17.516393520176408,78.51958404259607,771,21
17.527448331723015,78.37264818113174,744,18
17.258437480692407,78.62137087143986,452,13
17.404358295218767,78.61419709623033,588,20
17.34546243892098,78.39262280900935,683,12
17.339346685215645,78.44671005307035,702,3
17.424074608007256,78.5547240561877,320,6
17.24865160554656,78.38386445987015,243,0
17.36889996518151,78.50520254978561,894,11
17.533692193686278,78.39810074126693,817,2
17.312606872871978,78.37081370739799,639,17
17.348643426420033,78.34442516217483,247,7
17.33118863909902,78.31504385260965,325,3
17.50190923193875,78.51575800402858,711,18
17.421060401182867,78.57051133757483,701,14
17.218357892995833,78.6422632721686,211,11
17.322712011241272,78.39418244664168,459,18
17.481697416883527,78.31917440783405,917,3
17.538488768873215,78.61198417865502,606,5
17.345556423968603,78.4805957883792,184,18
17.307053503284596,78.42810632849621,685,14
17.470667588818586,78.48834463849442,183,19
17.426374495994082,78.35444599062255,156,20
17.492137795693488,78.56463956968024,81,20
17.331262817215176,78.4241467079488,366,8
17.30213823155057,78.60112711063957,755,15
17.333172088391983,78.33260212768442,149,18
17.440071368913184,78.30982377197643,165,8
17.290119584311405,78.48719727423368,336,13
17.342930056030447,78.46750659692586,557,0
17.48562242602781,78.4799048106107,306,8
17.31790571505298,78.37038291170325,376,6
17.511107194481735,78.3297662631115,85,5
17.56705467951215,78.30659397561732,372,9
17.316413195468865,78.44817744092684,608,21
17.22952536838186,78.44780407324286,917,5
17.557479771968204,78.58392695482058,731,15
17.560665811626897,78.53945335710888,55,1
17.261000539342906,78.5839048005117,845,5
17.23346040302114,78.46090898840968,156,20
17.460134853677534,78.6174624544875,824,4
17.53972747087645,78.33808703605108,964,14
17.240358739300277,78.35264514919966,339,12
17.337667275520882,78.38333608414777,979,10
17.520051214216423,78.43718249932056,812,7
17.566784500132727,78.58613420870762,748,3
17.353808432285604,78.35246702068468,690,13
17.30102295255578,78.55372907491362,109,9
17.211164715811933,78.39198485907121,420,7
17.44757506121162,78.35838729077709,410,7
17.33968920843332,78.30802378565275,179,23
17.39269849384454,78.30334424850207,790,8
17.38162365009741,78.59497312005212,243,4
17.31451557969413,78.3697703332141,112,8
17.3886574269959,78.39128787317782,367,23
17.543571129383228,78.51835520880579,975,5
17.416915943073324,78.61579688283987,517,16
17.46516177554913,78.30111857815518,580,13
17.398325016251913,78.51826269518492,483,3
17.521572743771927,78.58906418650263,49,11
17.263818686754203,78.52791779655696,908,0
17.24454770726642,78.58369917485392,870,11
17.55452297599222,78.48973061851207,70,7
17.46201443646002,78.57518341502629,826,5
17.348630642710052,78.59748465139286,768,9
17.357167949244943,78.47159826307121,239,15
17.589610768063068,78.61446570374898,120,17
17.55471474871874,78.57581036917219,768,3
17.228486162992624,78.48432315445822,932,16
17.367731018268344,78.48376430995775,525,6
17.4555513437284,78.6391065203016,605,16
17.485709804771908,78.58185514658098,336,18
17.211018558774573,78.3731886696991,235,5
17.579207843396986,78.36583089004557,948,14
17.495486554261856,78.31714755464328,388,3
17.351291672900096,78.3816013522595,612,4
17.573695125211138,78.56501446678689,158,20
17.25574380491258,78.44263207335528,655,13
17.308778808496427,78.38781388308638,169,20
17.219642329258743,78.4412103813623,360,7
17.42251891193571,78.50101434924996,543,9
17.540088168783793,78.56507600503258,360,23
17.379686476359655,78.4547865133718,307,5
17.213660188436805,78.40044284845169,698,20
17.5719917519298,78.54851830959471,281,13
17.268551719624604,78.3092678749814,809,4
17.43034648270031,78.45529796247385,393,11
17.26530579621781,78.47195611938895,318,6
17.4452113365074,78.5146349881205,80,19
17.41194378802317,78.32199334575638,199,1
17.590575650726198,78.36083177870685,61,21
17.28846227475045,78.61354716525902,226,14
17.285573216596834,78.55734557184249,32,22
17.216852265586652,78.56987632644487,392,7
17.52498792599198,78.40542305671474,675,19
17.31619553121951,78.47899941260441,963,13
17.284357129963656,78.45084713325845,30,20
17.364853388909957,78.33459153501376,596,1
17.24694052730371,78.42591974198051,456,21
17.446814471549164,78.323793587348,27,7
17.577358042056236,78.60360699821068,790,3
17.49429553290251,78.54732047255435,711,16
17.37340841481014,78.62024186273942,355,11
17.34254597655843,78.570762820188,350,18
17.20242043219814,78.3219782880594,361,11
17.524852220214502,78.47437702214113,368,19
17.47168849381938,78.51431108211757,894,20
17.346169366799444,78.5737722797632,721,13
17.35784345317823,78.64309037367822,832,11
17.316226130942685,78.47282103313871,137,6
17.555332595488785,78.50884420403949,227,22
17.544014704388452,78.40421953613668,77,12
17.274124834441704,78.50520516335249,789,2
17.450195575679032,78.54393212300144,658,21
17.209780809648684,78.61468447591277,927,13
17.239819797870396,78.42621605253498,642,0
17.430234813835355,78.60270071480757,633,9
17.209089438606373,78.5363408816899,345,3
17.575247036940116,78.34080259269379,796,14
17.2702644728975,78.35542390059446,566,21
17.471071227606807,78.47188749081823,160,7
17.311212201894396,78.45897721463325,666,16
17.31557804122485,78.31523274878789,205,13
17.285440392808287,78.35867091286329,869,21
17.21646761843778,78.38517807391231,729,10
17.434472989588773,78.33476895224366,708,17
17.50173177835086,78.47689328919958,178,15
17.583775784836543,78.3926864953442,452,19
17.25396847505936,78.46408950152205,884,6
17.42509942852218,78.60155821536426,780,22
17.37663687385133,78.44158900269817,574,2
17.206864677267607,78.3291218393407,217,3
17.38950809195249,78.53455522030659,780,5
17.33030583380609,78.45534086012285,574,4
17.215989353118257,78.49238213572396,42,14
17.250069635486298,78.46009372216865,924,17
17.491600610750055,78.43902987687427,358,21
17.361294817654183,78.30730388858206,955,4
17.41143060099203,78.57822649445852,51,20
17.427905598706282,78.51593799956677,574,17
17.258337341761283,78.47114143067415,390,13
17.323833575260906,78.43018349130904,459,9
17.554188434152394,78.49025451343763,784,11
17.54982988327663,78.43591352583803,415,14
17.528619766431046,78.40066075679692,644,22
17.59979776483425,78.37312516207328,659,14
17.407032765562708,78.44605615039362,722,7
17.241548928865207,78.54330651950933,441,23
17.470771591540636,78.30451844227122,644,9
17.284389491818434,78.42105587318804,284,8
17.374409610744735,78.33075579563159,135,21
17.306190281582452,78.53343841452096,653,21
17.584545336813527,78.32519687932087,234,15
17.531655414709345,78.33317745145037,140,1
17.44402751453167,78.56029408762984,245,14
17.552377289492327,78.61540480128056,42,15
17.381142719724394,78.46236363056002,719,4
17.596666360856617,78.48030457031699,104,15
17.552664708095655,78.5315664479337,390,7
17.298778450818787,78.31678304150769,236,11
17.53165247091371,78.48737008465552,113,16
17.384086970657997,78.35641623952685,819,14
17.343800094174572,78.34835020478931,595,3
17.55190718767279,78.3754424528401,688,11
17.213755248298842,78.60143804185434,524,1
17.51304788146269,78.35998061287408,136,0
17.256655684044073,78.38474286804174,892,6
17.513779785584195,78.61609707852368,905,12
17.513758315969937,78.58793642878865,423,23
17.234219474959776,78.6226628907076,500,13
17.368362255972958,78.52666262553483,643,18
17.488823911711535,78.59009236954113,480,23
17.36348254156738,78.63709516114487,661,7
17.423009138933576,78.47636923411106,59,4
17.245790656437947,78.36691342215558,512,7
17.35293398385877,78.60921398449288,365,19
17.502750113491764,78.61414582723869,918,19
17.385916936837397,78.37826070537021,683,22
17.49754807325144,78.4217505268907,956,20
17.37576880205521,78.4537961966067,146,22
17.47236027793114,78.37610282719358,494,17
17.489650168801752,78.3842823092445,70,20
17.231951282096208,78.56813062012094,919,1
17.587208110318347,78.64640326458525,846,19
17.40030449942589,78.63249771934392,753,0
17.202177992936825,78.34113843718617,523,6
17.5661530255958,78.33618507481879,300,18
17.30434758559026,78.51480334481438,442,13
17.546351704701927,78.5135015074583,865,7
17.402101913104495,78.49835273687418,99,7
17.403911632379966,78.53074534947272,564,12
17.49327809699231,78.33525467743598,103,1
17.307092215099843,78.30036559300905,592,14
17.250439427918078,78.43702590419645,227,15
17.45806180773243,78.32356230607657,305,2
17.43419857721416,78.30367438169377,225,10
17.44086820639169,78.51671005646733,419,21
17.597019518528374,78.37703919807088,382,6
17.221625267508777,78.42361956183284,694,13
17.56357218237962,78.452317815548,182,5
17.241329446728564,78.44788723616617,788,9
17.493700049682438,78.34923870110381,44,19
17.393859975703148,78.34592133972818,81,0
17.568049153606736,78.60369065133054,73,5
17.588545038478852,78.55057681982147,843,9
17.249624959779464,78.36602850302015,447,0
17.521950965547312,78.3917753194618,963,9
17.394379821874686,78.52676921116216,744,1
17.54523239990873,78.58758544576057,363,9
17.37006587134704,78.4059163829622,102,12
17.299147052096007,78.58837609724387,619,11
17.40051230329904,78.45310092334702,463,15
17.27076295049687,78.39643785649115,314,10
17.500612691336013,78.31732038171687,537,13
17.463462923671308,78.37118762922168,599,21
17.266476037473684,78.59672438089999,733,8
17.397214914101653,78.63770691188037,967,4
17.520617679757265,78.32401335454152,317,13
17.577333108691487,78.53148298278525,381,17
17.28686393407057,78.44322064223853,514,19
17.40126852574926,78.478663558182,738,14
17.472932124296435,78.3101629421242,658,12
17.432485443879678,78.46451827341184,480,3
17.279568816683447,78.47029633981911,274,0
17.45276555104883,78.36478626907767,454,17
17.35815845941277,78.38892215381556,585,21
17.51555146190004,78.39465496547605,618,8
17.229916363727096,78.35643889148129,354,13
17.403202235885594,78.60569986562228,501,16
17.48969808148103,78.43779556993763,776,18
17.257173765949883,78.4791266450485,328,5
17.200496631704254,78.337070648135,948,5
17.401200188351954,78.64632853208136,691,21
17.442516320451563,78.42033298528355,424,19
17.509032783260082,78.31642055731304,993,14
17.369255235795713,78.40706180430786,677,9
17.334171790451958,78.49244158789139,876,20
17.40339245904569,78.3668991840507,661,8
17.41070454668316,78.60031560395839,683,17
17.48957609054474,78.63221817052471,888,20
17.350860718426972,78.47908845078419,93,21
17.217533055305232,78.45514263837948,538,17
17.4513458045847,78.3431922730919,847,3
17.2218210374845,78.39344634265865,552,21
17.248796341590403,78.37759028229901,410,17
17.481344849568885,78.60993660424158,414,14
17.364968652150104,78.63026865842862,386,14
17.312719014906207,78.56255421384996,359,16
17.384251429052345,78.51717345968216,740,5
17.46165283141799,78.61716334333472,350,18
17.288147707456876,78.45614358108052,60,3
17.276930488124062,78.51266578583028,983,16
17.54763076605248,78.56894857460482,497,4
17.470370103870405,78.605904537996,867,21
17.25290021402208,78.53639219974251,228,4
17.299926434418367,78.41754418033831,650,8
17.297757257285834,78.36021823483915,746,6
17.569734873646546,78.42979298278765,857,21
17.447421501453682,78.52832969007954,915,5
17.414767759892545,78.44413012893274,958,6
17.599891002358664,78.40828679250312,320,0
17.486632877382554,78.31255143955158,734,22
17.391717136994053,78.43491909508421,737,20
17.427925328742074,78.54613889023756,636,15
17.215531285986128,78.53497002356491,598,23
17.265704761641306,78.52492534659935,208,0
17.210870385706084,78.36229210615541,468,0
17.50699986933236,78.47597695676099,510,21
17.299584482798824,78.44130972698312,944,18
17.364938620933163,78.63569359235589,405,8
17.402852520814477,78.37781102660504,994,17
17.429236447740077,78.59357611104878,879,3
17.217037749059884,78.34345345898932,817,18
17.278974377719603,78.58116370002392,724,21
17.53687079012555,78.48865754719543,487,0
17.47292859653103,78.32712000902544,383,11
17.599961647791467,78.60437603294282,297,7
17.575888408659132,78.52366881833645,344,10
17.378261571969958,78.4596764138918,935,21
17.52247176844448,78.30373987750372,793,4
17.45544097748807,78.49821799420984,240,12
17.239980434536243,78.5736713330271,716,8
17.339931747447743,78.56551396359619,15,1
17.316585609477343,78.61517704220049,569,1
17.23066317335661,78.38627545846526,314,3
17.457442192115085,78.31987821333527,612,11
17.526270460690107,78.3264463988108,831,8
17.598793303100653,78.32985039680105,341,11
17.325775073612057,78.4676167892727,652,0
17.436098898950164,78.3930600632418,297,23
17.49784503505891,78.52636198601586,750,5
17.347427332486664,78.32822693152431,672,13
17.21725646033057,78.53510161803023,247,9
17.39434808192662,78.31167761202094,998,13
17.23988000704658,78.36394108608746,489,15
17.290447488764777,78.59916963503976,383,9
17.455607320594854,78.64602621495706,293,17
17.282940934164913,78.61391231958142,433,20
17.508006559600886,78.61671621371049,561,7
17.248222622226738,78.56941519510207,810,11
17.573944361826467,78.444783573132,698,10
17.280492317122835,78.56072084741523,250,14
17.404431938622835,78.5134534752177,900,17
17.406388196135474,78.37189813773941,842,20
17.59614692338638,78.33728253111306,303,4
17.345106107229682,78.61177114298707,838,18
17.35683304574467,78.35752513608448,275,17
17.594767815597375,78.57116863363508,941,12
17.4652322768995,78.44100953369677,631,18
17.28148614417358,78.30269424014188,424,2
17.33857351318379,78.48994980894113,465,6
17.341123055226397,78.31905688794428,423,10
17.507984126984645,78.36796220396711,596,13
17.250005550179633,78.3327795664011,437,7
17.553662381171428,78.60071020908056,667,17
17.23337938389022,78.64603383482788,342,11
17.39148805299709,78.56531731503983,500,22
17.311479928170566,78.57270410190648,699,14
17.49842780863868,78.35588942250237,934,0
17.263176594383353,78.5408807535134,583,23
17.55346030296798,78.43226971956497,148,1
17.35026294370386,78.48816604770668,990,13
17.251339848713414,78.33541963306041,239,22
17.44637139287059,78.56372948689217,522,22
17.340495963099478,78.31401730719011,224,11
17.584983827681178,78.339338885776,486,10
17.297318337567567,78.37194171766636,23,23
17.259729570706856,78.59472585194686,836,8
17.505799501193472,78.55386139415802,834,9
17.387341779410864,78.59587760051662,979,5
17.352089938257894,78.6020724564739,559,20
17.21588175316383,78.56746323518519,630,10
17.314788268452844,78.54578262960047,603,10
17.529153389895384,78.59444790959377,496,7
17.52606850718941,78.56878640614232,948,13
17.56369705086084,78.47266538103864,503,6
17.33592027447221,78.32563315773142,224,6
17.41040981388263,78.30696034420608,610,14
17.494917438094337,78.36668372046267,1000,20
17.209534860666928,78.60503357851296,594,9
17.407268506939094,78.41553204159017,121,5
17.299357507597865,78.6151161039486,215,13
17.20675530692788,78.41391685641312,479,0
17.344274249869272,78.56026812813762,547,20
17.453557852763858,78.42291573523126,279,0
17.541792657029188,78.6089325795907,201,15
17.493687416729788,78.64483294899165,846,5
17.58138021241052,78.33193954491057,11,8
17.28083175624609,78.43907599042447,92,21
17.27677784550172,78.55538986528602,450,14
17.237186850158757,78.50882951491127,876,14
17.392164563201273,78.54764573051968,706,14
17.57223980253902,78.54934515743547,914,4
17.50308408519505,78.6331999763585,201,2
17.372043543791463,78.56102931481914,800,21
17.471215029940378,78.48011011669789,708,23
17.27602088120566,78.43195965523313,401,20
17.48362828964074,78.57693298752423,957,17
17.40690809154352,78.59420720251849,919,23
17.38970980401257,78.54839015792382,323,2
17.44785134949398,78.43946380367643,810,1
17.37616503351311,78.44200036115458,519,22
17.230870286892785,78.57256077287462,844,10
17.350638892364238,78.31406271130801,583,1
17.21848335764398,78.50372980180275,619,5
17.505255752687106,78.58406597234578,21,1
17.39266759959999,78.3942572197473,426,0
17.395916243338515,78.5041065156193,892,0
17.54641941588381,78.30716106696316,31,17
17.555751169963848,78.47121038811981,369,16
17.378270591605197,78.36759962671488,61,6
17.28000779011246,78.55951255611602,553,5
17.35879748730655,78.59439504190928,693,21
17.326597051832927,78.38299370090715,893,3
17.501638753575854,78.58754737657836,765,11
17.336152497449266,78.30556331538183,672,18
17.223355242075357,78.40656412411714,484,2
17.344631009733902,78.41433504425797,443,20
17.225264455899925,78.42597712253175,229,14
17.35844743535375,78.62796145424691,661,10
17.209139748116268,78.39373727383996,977,4
17.47492992839563,78.60480633480937,112,14
17.264406901106096,78.40530729255768,137,8
17.590575414360657,78.30243514125524,446,9
17.3231369007019,78.46060630592463,479,6
17.361578775248468,78.59719201295917,420,5
17.285445923929935,78.52518392139594,871,6
17.224667639761595,78.41407400865747,921,9
17.385398222187174,78.57194118993536,680,2
17.50279983890585,78.63269715074384,212,4
17.588946367726265,78.34918136779595,34,12
17.29771449014242,78.48050229782518,580,12
17.3670192678353,78.63606004307383,620,6
17.520301035911583,78.43097977260135,704,20
17.311584311780894,78.57848361672781,575,17
17.30526241490359,78.51791807307978,218,19
17.57623529803602,78.47053968053672,915,14
17.530152642072935,78.50230725911341,821,17
17.55064900258591,78.31986681823577,195,2
17.46319354796343,78.38090255499986,823,10
17.493304741489684,78.39707791706306,545,5
17.59058579973437,78.46684520938052,180,12
17.24639416700657,78.30849943567858,598,0
17.41565882624674,78.63475879274695,615,21
17.231861197860148,78.53149555645514,224,16
17.30329941430123,78.44533275858448,298,10
17.329721599419848,78.50815640012237,874,2
17.20353689078591,78.44103001232243,537,4
17.396642543135354,78.61304262681178,360,10
17.417520787948945,78.46154081327978,306,5
17.55616909835081,78.57557124538525,946,4
17.220663724129817,78.57606633595782,376,16
17.508817571650926,78.353343242412,418,12
17.323086847003353,78.3501082319895,411,5
17.583698854016685,78.54171564520915,243,18
17.266975671737928,78.33671867110858,231,3
17.50049507681747,78.56098549588964,72,23
17.50408754235508,78.50194482165716,732,18
17.319882451656568,78.45620417762277,414,6
17.449516279041145,78.559153269721,885,18
17.393298137011577,78.37007547780597,812,6
17.592460336306228,78.34925956513406,86,16
17.44897473330437,78.36716097163904,52,19
17.2903397911303,78.6146403804015,880,21
17.212931082335032,78.52339369548118,680,17
17.291740699007786,78.33729840655485,376,2
17.588781783270168,78.31072583093624,482,14
17.401181891412033,78.4413628254816,378,3
17.495274532228752,78.49492169811909,10,1
17.357218474561165,78.48042895243562,253,15
17.57562651852398,78.61613644488459,465,5
17.453532127729005,78.59845578123702,906,18
17.577904327668346,78.5574833204708,667,21
17.49415436293215,78.63848036595776,526,19
17.59647811606338,78.43021666465424,215,13
17.317620830547792,78.42703404049702,408,22
17.48316455477239,78.3857211132713,765,22
17.227657034672607,78.43336797445309,344,18
17.374426224410296,78.46660071149277,756,6
17.4144154845801,78.4686547962806,987,6
17.225378945885314,78.4538828962041,935,6
17.515165265597144,78.50568615117722,233,3
17.377935804481947,78.56275294514678,916,21
17.447462391481015,78.43602466703283,219,5
17.369082533910884,78.63055563650201,107,14
17.20516337435834,78.38475075392901,191,15
17.492991403256042,78.53021994235533,962,3
17.414432664430734,78.41417580308219,1000,6
17.425108366433687,78.35270621136074,628,0
17.523039893837243,78.52855563738493,277,21
17.286439072214357,78.58289612736137,295,16
17.502337436395507,78.51265622992155,792,11
17.264572851287685,78.50298136464056,964,14
17.33142636128616,78.35766438696334,121,16
17.316022160046646,78.49482686644403,492,5
17.522015040235893,78.3263445724614,334,16
17.543317535553918,78.5571811146655,962,1
17.59897583605038,78.57211142398833,342,13
17.43061216338926,78.32112772485483,336,11
17.317930034996863,78.35984709587872,130,12
17.512831419724215,78.43256599613609,624,21
17.393049851425396,78.50532570093257,464,23
17.35784341960925,78.54521666593095,348,13
17.4887479208695,78.44291929204171,595,0
17.289036292299517,78.4049032746013,813,13
17.312049048618096,78.63026824616152,814,4
17.59482542617119,78.58337025345119,490,1
17.415202079287166,78.3350427298533,854,8
17.240241117248527,78.55330623446336,574,14
17.337441167816852,78.5344489472995,41,18
17.373665424900118,78.38487330954679,833,17
17.22220982633481,78.32774121802952,363,14
17.55891395777699,78.52432580902092,704,2
17.370855737905217,78.3260009211993,163,21
17.40171203208252,78.30806028555537,807,21
17.307023291286285,78.46175708524346,184,10
17.379427399269087,78.36886839643255,732,17
17.315467755813167,78.33425558312975,767,19
17.39633757192782,78.33840738044083,926,20
17.306442029102424,78.53236080129132,672,10
17.204286481441642,78.62287698082524,221,21
17.541685431336386,78.39197698180504,696,12
17.588294353777403,78.42153880263884,471,0
17.4460963698936,78.39040200911148,862,20
17.356589032506854,78.3783491634119,694,15
17.37208406692861,78.5223798806363,380,10
17.577449015919736,78.4035965588337,475,5
17.283432723207447,78.48746234255137,940,20
17.409870090973957,78.4239516044301,800,5
17.31625138710184,78.46062994129869,636,4
17.3747513724095,78.41112233925801,186,11
17.421845335278103,78.54753692450501,83,16
17.43776385076891,78.6261201111809,38,1
17.47667428818273,78.40926074676653,462,18
17.56623564666162,78.35793718509127,364,23
17.53974228328295,78.56688079036434,508,9
17.520169045176402,78.6009881608663,669,10
17.49489857762183,78.57104069896133,276,11
17.228220453926426,78.3750255389106,678,9
17.381167860561487,78.63406166618978,461,5
17.511678745257203,78.51285033163853,564,16
17.485781302352123,78.62872878488712,788,19
17.43804097223188,78.39649454963232,962,17
17.57098524903006,78.58188286256961,216,12
17.41088910021492,78.30198174078905,714,22
17.26113225241662,78.41525665242219,745,17
17.44727954740581,78.34129614527058,785,3
17.438309141174205,78.55524525653023,46,9
17.48780649720286,78.48974886473373,42,8
17.59594525343124,78.52340388044283,715,17
17.588823443892256,78.4805410587087,524,15
17.439336550433207,78.54433356379313,592,1
17.557308463770642,78.54451750119094,890,4
17.217155464312516,78.60060509628667,520,2
17.55242317105527,78.39401113893159,236,1
17.55663180935406,78.31594566497897,77,12
17.28400868631008,78.32203728782878,426,13
17.572939985358857,78.64238300441546,586,14
17.51983133077609,78.34273439536233,806,7
17.416138718786254,78.42917303908041,501,17
17.479062890653655,78.36650014413341,882,4
17.27487880929993,78.3263423022251,147,16
17.365609452863147,78.56845915551285,950,14
17.596081743182133,78.47979968740188,120,7
17.27276458110717,78.48269743806424,115,19
17.242434672999998,78.42210366680605,85,21
17.49905572357358,78.31778917327725,162,16
17.43055462480835,78.30711823965417,273,2
17.381931686775687,78.38506154107999,928,0
17.27524634067615,78.38348531911511,179,14
17.404261289097057,78.40221710439575,474,8
17.3758430167223,78.48275289960647,807,5
17.3091778730855,78.61198955198321,772,18
17.430623484075987,78.37148969670612,464,16
17.473873489977894,78.51749101046067,133,19
17.521137656929735,78.61805747246123,41,4
17.447845811789684,78.58728549835341,686,11
17.418720697991983,78.40692127757893,244,11
17.314530923527293,78.38579550476307,120,10
17.493725760999546,78.50828619332351,631,0
17.443573588321208,78.35954789350323,205,14
17.339110997644596,78.55104244786996,874,21
17.426924169712617,78.41918552450147,472,7
17.483429314538057,78.60008096448102,441,14
17.55749392919701,78.3022344592267,175,20
17.443581486900637,78.31355578425166,110,20
17.570161603517327,78.33268591376131,549,2
17.20287376476499,78.48130175220965,583,20
17.407330868019745,78.48061323214779,128,10
17.461235501269496,78.56937364039658,444,18
17.45470475783427,78.37366971017684,455,13
17.375982156537276,78.36468421447249,36,16
17.540209196572082,78.54187216095676,174,14
17.42851614632287,78.44055149490342,334,15
17.59961686259156,78.57579396817576,260,23
17.27104266697433,78.57317806906104,958,23
17.46989059432144,78.50278368033639,246,18
17.213302712013668,78.64462449492889,1000,12
17.295540383492163,78.59199277791221,204,15
17.45265647519443,78.52433836701164,787,10
17.315896239308533,78.41525278108031,892,16
17.533117665252572,78.63303358499446,246,6
17.369183996706717,78.56918153631905,25,11
17.527168575027073,78.40993277915145,552,20
17.442472784739415,78.6035039010821,969,13
17.20391711565577,78.50789558879165,193,11
17.559485109590025,78.5192843039436,445,18
17.513356640976028,78.5908240409767,569,16
17.297424085069366,78.64961772760608,318,14
17.595276296213335,78.33503610985683,674,21
17.31586623337318,78.38055226484809,58,9
17.57632169748918,78.50137195984269,114,3
17.477255835654265,78.46073495391292,892,15
17.56928944287376,78.55471263457983,359,1
17.203996272855004,78.5327803711286,983,5
17.44923768604352,78.55001453545654,191,15
17.461161222715084,78.51346797699375,675,7
17.382808401087225,78.60392751688804,56,4
17.554471487068245,78.31134559892037,130,4
17.561997824935133,78.53905220755762,35,22
17.56626775718926,78.39098600057152,869,12
17.555067707356912,78.32316494329038,694,11
17.25486230298313,78.57461650849855,992,15
17.377804079362562,78.56375794154644,11,7
17.351907458757523,78.40882411571017,656,7
17.2678691440354,78.55218521357311,111,10
17.302633678119108,78.62412495236619,949,13
17.494097154731943,78.5257511258575,665,7
17.36228139834412,78.39111659426426,838,3
17.419599418562232,78.3448238334089,175,19
17.51904782547083,78.41907210794668,577,23
17.479467727970132,78.44141685882575,834,15
17.355994019724253,78.60770461314294,883,21
17.51286246058854,78.50760460168574,246,18
17.587043820081718,78.45925756560736,52,21
17.590960400563247,78.36451920425462,335,4
17.596382614863888,78.64558544977872,372,14
17.5193387150145,78.48453226786502,839,14
17.400683992633997,78.35764224431875,711,7
17.284943082290894,78.49525199548629,655,17
17.294344080503464,78.62152315619227,97,20
17.50263345662999,78.4382490242787,848,12
17.256660450179712,78.32561815357973,810,8
17.541192457053185,78.53901932160167,227,3
17.59856579132707,78.46598254411735,177,2
17.404026020393683,78.58227742101283,275,0
17.548819675599827,78.49964916569283,49,8
17.422742869509435,78.56112846071386,453,13
17.474657862955368,78.48385465355342,585,20
17.223618565968753,78.35698567400725,532,1
17.40157288281516,78.43537946451599,325,17
17.506147339792925,78.5049345635267,320,5
17.30826917991618,78.44024646222299,58,11
17.577133364503705,78.3913657345622,239,1
17.20398195469395,78.3048948955013,682,6
17.28505824139902,78.59560065947865,145,16
17.255480783368398,78.30256775383168,37,9
17.562859704360207,78.46030010221574,186,23
17.394320675718888,78.52012913228899,351,20
17.585511082971507,78.32708650072875,439,1
17.342736948468904,78.43609312120554,810,13
17.507153765480286,78.40354317869945,422,11
17.510706739490626,78.45503916108959,156,11
17.5192018071974,78.54647566198473,431,0
17.293066802438247,78.32853992968529,366,13
17.205423328689093,78.32769588527832,420,2
17.236096635744918,78.52949529513482,995,20
17.233167002023865,78.50116226447427,636,22
17.20999075938533,78.3548019908807,603,15
17.494633687392962,78.61599826224179,854,3
17.23656378472146,78.309919092114,499,20
17.341545245394105,78.36717611175781,268,8
17.218702874557916,78.33608817858992,746,17
17.232094103442336,78.392682193245,937,10
17.324692521306886,78.45303036235738,205,16
17.40153400706693,78.39886679797442,567,2
17.439959107271626,78.37937295654612,1000,6
17.486867576762112,78.33550934216926,880,2
17.461200170399003,78.41770516952234,558,5
17.399964036795296,78.52501919109282,512,8
17.419050533938936,78.49543340719002,709,7
17.205848428621596,78.62524489824133,244,21
17.376566191702246,78.5183832404747,274,20
17.337709833244592,78.43512183610983,353,12
17.345739009445918,78.59012651486869,473,12
17.483387216965458,78.51276804510762,832,2
17.53704034883716,78.44727026778365,87,8
17.341278830437943,78.44484405985195,918,0
17.534383840800782,78.40143500570247,846,17
17.567545048103458,78.57374057226022,852,18
17.400437895612118,78.52432204103624,461,23
17.554628176389322,78.6020578216435,171,11
17.327173455254094,78.60819484134178,734,1
17.43145352758423,78.62692779950322,520,21
17.548733473319793,78.31757192845636,664,17
17.241758632236763,78.64826959054778,706,0
17.49199075641316,78.45850528900085,665,10
17.265145230841192,78.42827267077939,836,20
17.491197566352,78.32593398513951,82,9
17.209059365612237,78.49703820613819,652,6
17.54925037525808,78.54394656497591,97,4
17.34402688493296,78.62051073293246,82,13
17.363635725478744,78.44259487496194,704,10
17.50116345957291,78.36079999631355,894,6
17.353109118529122,78.55879479185398,757,10
17.244486991189547,78.6140755613416,620,15
17.437778899107965,78.42119323400594,153,20
17.55294802168433,78.33112025021482,507,13
17.541492780084596,78.4117011759233,60,13
17.427459807430278,78.5880462965846,880,3
17.27885399163653,78.54286247669552,139,19
17.37789717032555,78.56495565184836,521,18
17.22993574423588,78.33882925735685,66,19
17.480214778209152,78.39686792485627,517,0
17.20033767250082,78.60917754105212,842,0
17.555298574459954,78.41879836379033,193,10
17.274198999271515,78.31766394551444,476,9
17.554201676560783,78.61259765628967,894,17
17.431930385592747,78.34480265913591,52,1
17.4411900699871,78.39499870579137,491,20
17.237158790695542,78.63676914860983,170,5
17.37134159392907,78.36797637892042,39,6
17.595438507152753,78.52301862284156,80,18
17.421148187451454,78.39983878950083,194,2
17.437946558275872,78.46622455991947,326,0
17.269593690223886,78.32168775790026,742,17
17.217958871826923,78.36182151196283,537,19
17.31166840769627,78.57240349005586,516,16
17.299986232899727,78.48281244564693,885,13
17.414516812154893,78.40631084015425,258,23
17.269140673067326,78.64639855210358,425,12
17.26018851973232,78.434913994395,885,14
17.309680914655548,78.53866195180167,547,9
17.390163123329092,78.30779216510682,19,5
17.490833174543,78.5252681009173,336,23
17.445885210766665,78.5021888445345,505,5
17.263272543363698,78.47225260719826,965,13
17.200534280713242,78.5868343348926,769,22
17.5618318806428,78.31920203628174,450,8
17.410748013571624,78.51589859130877,249,6
17.435661240117,78.30209794614011,688,17
17.4963684455449,78.38276391220437,937,4
17.363861665729413,78.53226010629348,184,17
17.214189778355664,78.41256271459987,276,16
17.56955376596785,78.51160068483597,106,15
17.283263281684263,78.64924186252368,952,21
17.48680345996265,78.39354380472767,143,1
17.306310284461645,78.34146307417662,837,22
17.540590876483787,78.55940109525103,834,14
17.263985850681603,78.34728975949402,523,9
17.27108259083971,78.54258648279183,299,5
17.23210681735681,78.63143134482509,522,7
17.51441987100605,78.50280711964754,415,2
17.26610300293503,78.59438350731861,31,0
17.208805908495584,78.46393873411687,211,20
17.364168608245656,78.49866323637019,805,3
17.421456481978723,78.51957756445685,318,3
17.545851493317283,78.54324740706664,207,22
17.516676394856106,78.49403812727277,535,3
17.291215074621427,78.35869751795033,958,0
17.414165003167636,78.58228784110227,269,20
17.382425848998988,78.35863675193191,715,16
17.226868206557658,78.4690290364804,246,3
17.530000191497326,78.53130440885606,188,2
17.2237904670614,78.51668036231735,533,13
17.311206703790127,78.62396134998707,273,9
17.49940266459937,78.41330963922496,330,10
17.404019676297953,78.53896287188489,985,10
17.498728416869557,78.59983593755264,286,21
17.4510758573978,78.373720832445,631,17
17.456844453801022,78.30598952010764,195,12
17.371651790558968,78.58294899358197,628,20
17.587748675587104,78.3989610179419,252,12
17.547635205457603,78.36238574981265,152,9
17.35560626842363,78.37972588371026,435,6
17.340151080347884,78.37997965317005,243,7
17.501601387190526,78.48194477739054,376,6
17.486642291577322,78.59468086002714,216,8
17.283297586582307,78.56174803087661,98,7
17.463232261515298,78.31726341238364,456,15
17.58372047332772,78.445533447862,876,3
17.289596601561197,78.34486391900529,820,20
17.452115604805563,78.64823833510603,56,11
17.516341490414572,78.35059353826706,828,23
17.363799480395368,78.34308995479397,120,4
17.315114130040516,78.33269513673757,788,1
17.412218743582258,78.62414465545585,406,5
17.457594130712476,78.45434214770124,214,3
17.357048577664493,78.4466952868044,324,13
17.340145500228807,78.53861139737715,725,23
17.432879164070574,78.63891296762814,147,11
17.219865215726593,78.4138576157671,928,7
17.411796241657136,78.61117188248654,993,10
17.39194115710941,78.40467987736915,82,14
17.26847256788175,78.51744991532168,797,4
17.365132138888814,78.5673875647665,362,21
17.266648934441182,78.59382903714979,936,19
17.216826888320455,78.33736968286392,118,15
17.294273651451835,78.58961094465437,963,18
17.586884991206343,78.39073423651925,190,2
17.5291870791805,78.32039130628134,468,22
17.58760489836966,78.5080560338874,453,9
17.306682545744597,78.3016677530493,27,20
17.546117051596614,78.58051131234907,754,0
17.396058671626726,78.61665354967847,782,10
17.547066267643906,78.4672641193782,508,19
17.560531483275952,78.43527913181228,962,8
17.502950325418958,78.40370074771558,295,3
17.522419217322927,78.35568300930399,719,19
17.411954727101975,78.5368083786552,372,11
17.34436373495169,78.32284375829254,110,18
17.25673384216217,78.33433085427302,336,23
17.50674366451671,78.3383239785129,425,19
17.20066915933199,78.48285782267016,998,16
17.473744487286407,78.50856830629724,364,16
17.578078311560528,78.37674841280933,531,4
17.349927034335387,78.40664351668127,872,4
17.32807163751291,78.61328243840661,662,23
17.418818827672016,78.59604785031003,854,13
17.436430624854523,78.60178944569874,636,0
17.223061664396457,78.61133786450658,180,21
17.407840138319465,78.4965517689754,43,11
17.455194543359276,78.33443672736738,386,18
17.22209477414102,78.53033951925143,804,6
17.233862461637433,78.40822101540823,789,3
17.20015530729991,78.42005990654633,183,1
17.20734092896583,78.50910278734443,998,22
17.334437200841386,78.49746552531919,388,17
17.405296349630145,78.39164409173804,824,4
17.25171200321095,78.59760501984073,239,16
17.507494625474138,78.59243276012346,151,14
17.481188265713328,78.31392640590106,934,17
17.50527495456838,78.35277745902296,484,2
17.320148676729367,78.42505973738801,372,13
17.50629974085918,78.37174350724045,934,16
17.516905078113048,78.6397147637644,160,6
17.43535700539742,78.4976743209496,592,13
17.51644109854312,78.31100490208401,288,7
17.4916745684173,78.53311665709342,258,9
17.329689797019846,78.33026829945115,739,22
17.572182331291398,78.3321745967809,347,11
17.5838571855897,78.61416855542329,60,3
17.432720912396178,78.41527401255784,131,16
17.457088600034428,78.54605885369739,470,22
17.344154060599102,78.57922414586113,235,5
17.40639832380445,78.46167788298627,39,5
17.362700563280885,78.39211016447246,305,4
17.444181260530577,78.50124197701602,11,21
17.31842125287959,78.45514497908776,757,23
17.584260877570685,78.4215577320006,748,11
17.52766643175075,78.61385052286343,293,9
17.235863011843964,78.35762043110749,85,7
17.285020601756845,78.58810742273391,960,6
17.523174526290468,78.30268122043566,708,8
17.484307872183162,78.51401622349351,836,5
17.516542743587383,78.3525153212812,457,10
17.339088595113743,78.58396457363021,607,23
17.429000849655758,78.523614884788,554,19
17.47410830613196,78.34318406880267,994,0
17.55434757267319,78.44247600287204,101,15
17.356120783724737,78.51076020598839,630,0
17.529541436257936,78.55978385498118,950,19
17.352987806332763,78.58380295510241,655,20
17.35147048496525,78.50316288310133,216,9
17.459284076102282,78.58005698348451,160,20
17.429060943739344,78.37228076481665,718,13
17.247058701501867,78.40056918592276,503,0
17.480183901514923,78.54042773934394,227,18
17.44781795056313,78.59234556367514,582,8
17.49763190016628,78.3571859551456,419,2
17.596777282396847,78.45722051016936,250,13
17.321421971784652,78.5766658154798,787,16
17.52274060409395,78.41212233282327,547,2
17.349030140945082,78.59987072710162,378,8
17.35862142505625,78.56785815842923,960,0
17.519495352553193,78.3377763243379,572,12
17.31300098913654,78.32893328532313,619,12
17.27166096446604,78.63865263659123,110,22
17.474930745724432,78.38862395063994,174,14
17.40715051517772,78.38245182896127,428,11
17.408162259052464,78.43465798041804,536,3
17.235570367035862,78.51636646763413,51,9
17.201541279500507,78.5273716563527,746,3
17.44928288651616,78.54572904545684,975,9
17.38533188228654,78.36827142204187,289,22
17.33076467214095,78.42517725161169,846,23
17.262438903888125,78.42499526018351,165,9
17.33905816601093,78.64809998440539,69,4
17.325025830350356,78.40382822221021,878,6
17.559275297214107,78.54052470482908,138,15
17.30094895066958,78.48473928732489,676,11
17.226991790734,78.57842878067841,40,0
17.39903522556224,78.381464019006,105,20
17.36834196293903,78.64496492323356,965,13
17.500767769441342,78.301145551381,479,22
17.577838983645005,78.44546080432389,482,13
17.248125000240854,78.51706758620031,222,23
17.371564347917857,78.33472450274988,471,0
17.542477402485915,78.41596792207332,465,19
17.357609304650037,78.55760861930602,31,10
17.303219171129772,78.37382292779871,262,13
17.21037409207612,78.42466254216023,238,5
17.49778897087478,78.35083712118761,631,1
17.535972918713764,78.40020340366054,767,2
17.59547896491796,78.64054843783005,42,5
17.453162743544308,78.47040967848655,837,21
17.5291004432645,78.4347631729595,135,15
17.355309873497955,78.36494100463803,112,0
17.220650812472233,78.54696286380894,564,11
17.244718708395574,78.38584535777254,234,13
17.386428833478092,78.4490950453226,754,1
17.423963864676587,78.43386937595797,349,12
17.29097816405671,78.47893557791396,149,14
17.372253971658402,78.54186408212479,150,14
17.55952728218093,78.51920913221798,750,22
17.293313980352305,78.62927281240475,340,3
17.20648689770469,78.32418508300682,697,13
17.42711358206613,78.54081729176445,234,10
17.35744723383724,78.40709088198766,819,19
17.54677078513676,78.57989233531472,680,17
17.416035965587632,78.40548906942962,505,12
17.598236563726136,78.43326852904832,614,17
17.460569308891383,78.62059798708009,190,5
17.260329177679598,78.41495235433841,313,17
17.46218608464063,78.5442802065356,418,16
17.49278486609427,78.53641138525558,594,22
17.4723116209424,78.61236779100294,21,3
17.485590891153358,78.31876859753658,21,19
17.23791132020385,78.61784754334006,800,0
17.47838809623044,78.56961732281906,274,21
17.20005181108544,78.46448706770325,165,18
17.50217838316709,78.36281148114132,813,17
17.450804784886326,78.52922444379055,945,1
17.275834866125663,78.40219012316139,858,18
17.267608246441696,78.4858642242879,401,22
17.49954126203324,78.55192511194382,895,9
17.333922575443165,78.47508311826844,498,22
17.266474178484263,78.50254696476105,624,21
17.4893138016162,78.30188833669787,745,18
17.539600549134235,78.32533420983816,303,11
17.580176682361515,78.64980963251958,260,5
17.311709836420416,78.43052498059569,150,14
17.572304808181695,78.63561118876846,605,12
17.525009257385978,78.3885898104148,596,8
17.562372491414855,78.51831940827809,437,11
17.458140646873925,78.48178698461255,216,20
17.556795255537615,78.45863417737641,437,4
17.47183952746068,78.59028965518199,931,17
17.498416644882376,78.40913679282386,208,22
17.366621871204114,78.52774707186626,23,5
17.49394597593782,78.57111164994498,178,5
17.336615642093214,78.60503637354209,949,21
17.546130120167543,78.43925787754976,302,3
17.265000490065034,78.48354038888577,886,21
17.336531431721692,78.45653931057834,288,5
17.451298061710045,78.40308538948258,199,9
17.353424309592903,78.53173589211697,618,4
17.357890685059285,78.48632931161531,164,1
17.324425048442592,78.54921099287472,87,9
17.548039208156663,78.61833264429201,318,11
17.293909083317498,78.3498646033508,185,19
17.307200261499524,78.42434652526548,499,18
17.216951128900998,78.4982897749788,264,3
17.50955586551206,78.37192916438512,280,18
17.45165097453609,78.40045564365086,684,21
17.201342045458052,78.56376466540237,842,3
17.471795912575754,78.56714026856348,916,7
17.266750381370603,78.3176685928959,158,17
17.45080377357451,78.37850640192862,241,22
17.540237937085866,78.37193443364393,778,3
17.563749151119847,78.38253788135368,164,2
17.36472870211468,78.55088567764263,300,3
17.503197536762617,78.3998845304891,491,16
17.436049655802396,78.33028401335112,131,19
17.337242367357987,78.41350463596946,921,21
17.225010800352987,78.34437219943875,589,18
17.451806894231602,78.45482750447795,739,3
17.204581357910975,78.62067588980976,929,1
17.486273332219273,78.33247778636007,536,5
17.382941928803522,78.36441465104485,747,2
17.343384158326355,78.49214647904499,270,19
17.44714199869207,78.5511007178609,250,12
17.540940857937603,78.47885330227086,367,14
17.566392704369363,78.49476547519494,605,8
17.251492045590684,78.45403086920957,230,12
17.407198378176695,78.59103918628041,991,1
17.381232605925277,78.52174211579567,809,17
17.32969255605853,78.34695204519653,554,4
17.296761818281848,78.43723786963508,256,16
17.51776748447817,78.43680732381574,900,6
17.59801053781328,78.42230016131585,78,22
17.362766957465617,78.55803137304117,681,20
17.535423773672974,78.59293063904036,471,1
17.213360459913137,78.33899646339727,577,9
17.362150638065017,78.36836661224528,169,19
17.542951731605672,78.50712413094996,659,9
17.258805539380667,78.48250331304573,839,15
17.30836568922748,78.5342226828871,302,13
17.257767673044945,78.42426951962541,675,7
17.31109647845001,78.36493751093727,521,4
17.44941169236969,78.59989325959059,636,16
17.327597255587808,78.63696752980074,910,16
17.276802558669036,78.50564085588778,702,8
17.391838165098388,78.32758452211067,784,18
17.47358269005979,78.35203655231416,791,12
17.379156523564358,78.44973044552248,491,10
17.23968135032733,78.33348175863668,908,7
17.560595312402405,78.46209695579572,198,23
17.230372363200743,78.34193381589608,650,8
17.431468532266,78.47079958660336,578,12
17.455079571285708,78.48344448691873,497,13
17.26064705366008,78.58199649298922,360,9
17.544028778885814,78.36672450916505,235,5
17.444455481654924,78.64434760088706,812,18
17.34378813283775,78.31779483423814,511,20
17.571436248982643,78.50024287617693,687,18
17.463692813346576,78.49201111771156,329,19
17.448885514045426,78.33315198933798,198,23
17.508600742367502,78.50421337660572,346,19
17.247777558570625,78.60624720807212,564,18
17.48700624535464,78.38594523119647,823,3
17.45970462869573,78.38621785061964,410,6
17.378341131910105,78.35689541421138,818,15
17.47895361448698,78.41879420935241,994,16
17.571051635374356,78.6166688576332,791,18
17.509798822708298,78.52753937457501,806,5
17.282117237548427,78.43519525698579,617,2
17.386373962311584,78.35894039478153,347,8
17.314690956579216,78.54007763221746,758,9
17.4500706810613,78.4135082501203,128,2
17.48958819863025,78.3419859003074,297,16
17.400138027891252,78.63010031934088,835,15
17.5574370492332,78.57620155486778,928,11
17.409370970229624,78.44093483402895,208,3
17.459107697523287,78.63599329903153,545,23
17.392531925866752,78.40852303737128,964,8
17.397076205380383,78.30475224971478,506,10
17.522201482297174,78.31180520442122,510,22
17.51595863527359,78.60626353442778,117,13
17.400351176180145,78.58736246879081,346,11
17.49370930541138,78.32343536323728,198,22
17.206459661718064,78.44410708414135,529,23
17.408861017633857,78.54794049022928,777,21
17.43016860991742,78.31092557311813,196,15
17.53698949901676,78.49979960948576,348,7
17.58942521089767,78.47201709123838,380,12
17.446289969661652,78.45862109802329,705,2
17.389139891480607,78.54200740267694,865,21
17.217770032634107,78.35778857342596,131,21
17.36364813868726,78.45774513921948,822,17
17.449212239519102,78.34794603192417,340,23
17.479108791132937,78.53473705047567,307,16
17.33445789226457,78.49617059922245,223,4
17.221899959349102,78.37135737137986,763,22
17.574048754359644,78.54282191740728,633,7
17.36276304243246,78.6267184371832,990,20
17.391809436073693,78.46615879251917,189,23
17.252943734926042,78.5323451530259,829,21
17.3834876375141,78.38366813495418,791,17
17.488755073197165,78.38001980154132,704,17
17.435449025898418,78.31102415039359,575,1
17.59665421171881,78.38842644163276,590,23
17.228314165680487,78.52252720976898,23,3
17.42090831741412,78.4783628821129,629,4
17.358602859663367,78.36752515555008,907,8
17.458673532556364,78.4819039835645,82,8
17.238749619041435,78.57197696220763,16,14
17.322332657821406,78.60952820786969,286,5
17.406381661316363,78.6320925260014,710,12
17.39981342821077,78.34896484926828,76,17
17.54441257973293,78.57495525069618,636,11
17.355990122406915,78.42333321891385,307,20
17.20243817829932,78.42192101849244,948,22
17.367012869669363,78.46153958546587,83,16
17.38794197814508,78.34756294496019,834,15
17.579198065358906,78.35125874866169,934,1
17.484322393123676,78.61314177241334,552,19
17.460995021221915,78.43530179259189,454,21
17.457417524544354,78.61108781493228,298,1
17.392325381181344,78.38938265500556,543,21
17.55347523649524,78.30615684999819,79,22
17.401695196022597,78.61688067934261,519,9
17.23295385557201,78.38610753203766,54,14
17.315998727003254,78.5192230722916,647,7
17.580628466572545,78.45127436285422,604,22
17.42929663148135,78.57181622498899,268,0
17.36010750192232,78.43586658443206,750,2
17.22268207149528,78.3704735204544,701,2
17.481290570874922,78.64652210351728,603,6
17.3680600276151,78.44672197708508,877,6
17.208538478939303,78.44727736772435,268,15
17.252309050731984,78.3432385376018,976,13
17.201901777098513,78.61623222475367,823,15
17.32344998616522,78.57947587531703,392,21
17.589518013259813,78.44147079735772,631,6
17.37481918483938,78.64716129738204,755,17
17.241624730442226,78.60991187849122,20,22
17.281194545330152,78.63965205538895,472,9
17.450494542853733,78.60072025286786,502,8
17.20894367908599,78.52524127075671,644,13
17.254540185077346,78.56055036460207,140,16
17.414164088916742,78.54403801913712,666,2
17.29630731770965,78.41543313955692,656,19
17.29395027230529,78.33314736300672,702,17
17.3129806713931,78.51854815859997,933,6
17.470585431201474,78.4706856772493,599,7
17.289259220168763,78.35366301527493,193,3
17.579156691438943,78.64793295399868,391,4
17.328589102524695,78.33508654907982,937,20
17.342922814613754,78.44566785342477,697,2
17.331295345371235,78.54804847116843,757,11
17.462324122672285,78.61002199208683,508,10
17.54054221294034,78.49942687157217,555,10
17.578081810413728,78.53889930797327,954,6
17.389147840534264,78.31279443818204,808,20
17.324099322962567,78.60775258911688,267,13
17.565056468962847,78.41892814097321,531,20
17.439028573417918,78.42569882904333,41,13
17.395126804266084,78.60683233758567,534,18
17.49400005853394,78.47543875150355,413,13
17.41556068320224,78.48203207952109,309,10
17.505644950932822,78.52848181349522,472,13
17.447391134347765,78.56402414629754,997,8
17.29858470452219,78.58739344041277,477,3
17.40254195440797,78.55749055752827,103,9
17.412475646003095,78.51434770860332,890,6
17.368999275971618,78.35700062443853,929,8
17.367461613451045,78.61411049713249,557,13
17.452265730215974,78.49301037862463,430,23
17.222597588796983,78.54185302081851,60,17
17.29603710714329,78.54739026709899,721,19
17.419283121214896,78.60834773022414,822,11
17.29276657924889,78.35720678814893,877,13
17.496120612578917,78.3230648651777,164,22
17.24246689322308,78.54859832184712,386,1
17.47948111246574,78.32056144974153,302,1
17.414401608933836,78.53029537572849,444,3
17.266907480625637,78.49870635716061,748,19
17.52380373705701,78.4607765855442,726,16
17.544769193310067,78.5779500803857,278,19
17.42608669234155,78.5212706557846,199,7
17.36515812270327,78.47336971377408,913,8
17.59408045665834,78.46251845693185,826,1
17.282414641987163,78.43895441066648,510,7
17.520993325457045,78.52510958879736,839,10
17.562047009005244,78.38046917320939,147,4
17.21746569134476,78.61289959570877,390,5
17.490070586824658,78.62845332334636,212,14
17.257195416523427,78.4438193312576,749,10
17.52986062536561,78.32972769242785,159,14
17.286114589337814,78.32770588895252,28,11
17.48949883289218,78.41831743517308,625,15
17.298674493523453,78.41855534549622,823,0
17.327862145740404,78.44748076617519,316,7
17.451952210738874,78.36332441341477,36,21
17.48678663771444,78.54732826834936,515,21
17.380907685161723,78.59688579349883,864,6
17.482601380113667,78.5892646013963,776,14
17.32435544350622,78.55378484406032,59,14
17.390377482929416,78.31822603330868,121,4
17.325894115301704,78.59889932357447,373,15
17.466997340431455,78.58034125392264,485,2
17.35762715459924,78.34012786234221,560,10
17.37666886279935,78.42031220285536,120,20
17.238368069502467,78.43798441312639,154,18
17.29038298361214,78.35397924105183,118,4
17.264361514211263,78.59636066949304,608,5
17.541315515579964,78.49892900778485,667,1
17.59042992817229,78.31415398078735,931,8
17.581982546512787,78.36874805704866,363,3
17.56287240322552,78.50744143177312,252,12
17.20135366332849,78.53131897295543,970,15
17.23352893249284,78.58474562621767,445,13
17.39525163569079,78.44683092074644,343,20
17.399342967536047,78.3653297373286,849,3
17.582235990833993,78.49541553737504,114,9
17.393378001787447,78.4031879875863,233,14
17.373703586170908,78.58744862534293,513,2
17.540364239925783,78.64862181716722,414,9
17.52259770169922,78.42330185944954,904,8
17.330377252379325,78.47102826766748,323,12
17.53042564577342,78.39608840863966,850,10
17.231754491419828,78.32888596325405,645,6
17.465254469065837,78.30197621688649,600,19
17.452318732081658,78.64535260551988,70,11
17.484035207512374,78.49372747146883,221,16
17.342545301959497,78.6076178628122,364,6
17.587529198657386,78.53461332835818,744,20
17.301068278878834,78.52718742492976,322,5
17.48487913011389,78.44835030477387,928,12
17.461203023847833,78.33641075923383,183,4
17.21554643522376,78.4042914254755,815,21
17.550340242928172,78.56586393197641,609,1
17.20173167381291,78.49840210326026,811,20
17.411229485958298,78.36460737307813,620,16
17.202473254526463,78.40632507065186,632,16
17.262561625208473,78.42141593836938,887,0
17.31804295761247,78.34468928581511,173,18
17.353554273490364,78.42841185160901,679,8
17.23131365713261,78.36753316925655,198,8
17.409765807388094,78.5778111684251,979,22
17.403168355914687,78.32369488930865,586,12
17.476708890829006,78.44188611720247,955,2
17.31381158372585,78.40488706689275,835,13
17.5474527202928,78.44550249105772,327,18
17.314952279624524,78.3343753162168,324,2
17.330406127935348,78.52856605901655,856,0
17.58972499324451,78.41458784171357,131,18
17.553899353434527,78.55638452677586,399,10
17.476008061452973,78.64551976077244,75,11
17.563531321266307,78.51902170641829,368,17
17.20894938054718,78.59232513029008,348,4
17.263421498215912,78.58899847217076,296,17
17.594097535411496,78.50685104188611,935,0
17.351700674132527,78.31962806820805,276,11
17.213473310764506,78.4418949091506,129,17
17.227947558805674,78.37276055734668,638,8
17.42827605558953,78.60170052022866,251,13
17.453006497773554,78.40136615116768,701,23
17.56846883339726,78.44566100732756,335,17
17.269434591322753,78.32393152312976,903,12
17.486872999925232,78.55402728353106,506,15
17.210058572511524,78.5172572449801,924,9
17.30831336885881,78.45760890124564,708,15
17.504529278190144,78.30411996644102,924,12
17.37192552675979,78.47978520798794,858,19
17.57777206981023,78.30798901775485,727,12
17.32906347052204,78.53053921400064,929,1
17.447657036322223,78.59533725164582,396,0
17.4794855308176,78.55001710809506,861,1
17.436463322447956,78.61612366355565,450,9
17.490541693432146,78.36469987741674,648,9
17.597438693549524,78.31407629241578,796,5
17.33878687670443,78.30558158846586,817,15
17.58869353900637,78.37629643813854,166,8
17.318390713821035,78.63015856610699,168,3
17.415911151350777,78.53772351834701,305,6
17.425749702172844,78.3588848822664,557,14
17.58891235110472,78.44382388146768,564,10
17.293529472466012,78.53485583589594,631,22
17.32324215231782,78.52636390105054,538,23
17.369158502616635,78.59591448428922,454,15
17.41462811489705,78.52846674914737,808,20
17.42472762424735,78.5153265428755,64,7
17.362347270890517,78.32275881236461,175,17
17.531164301607408,78.52814868948452,724,10
17.365333208840834,78.60276797060372,542,7
17.51141761935636,78.38005369193282,663,21
17.348046221018972,78.56256684122742,854,7
17.573930749130945,78.628162518954,957,22
17.36844921688491,78.40668399684034,752,16
17.340631882439887,78.32920439917837,146,7
17.509067997589735,78.32823544653505,708,4
17.347570533399573,78.3634530733267,121,5
17.57156639237963,78.30940759192795,915,6
17.273466578910238,78.60157411255358,413,19
17.57271634857337,78.58395605261927,897,22
17.522426144561148,78.57958481374403,566,23
17.21421324380801,78.38988220934831,667,6
17.27616300550583,78.64470080119398,41,2
17.41371593783812,78.34449015331482,622,0
17.53294957009597,78.4707348684106,681,2
17.313262943765324,78.4818427917871,633,7
17.310703995056123,78.5843664739102,569,19
17.210204284455465,78.3978745282189,702,6
17.340672396939663,78.44865758539908,628,1
17.454965937270575,78.6194433271069,455,4
17.321195552635267,78.59373486735569,343,11
17.264968073576497,78.40645850983232,965,14
17.200010342293165,78.34267654858462,342,3
17.259170305715504,78.44104049113822,900,10
17.571106187347294,78.51618465001872,766,10
17.464591890823343,78.60641462129428,606,9
17.332187340358985,78.45280992727632,895,14
17.582263105022076,78.53712472531626,752,16
17.525903212365183,78.3147220391893,318,23
17.30906144495347,78.37520900625337,58,7
17.551432710791875,78.5211386389406,172,9
17.215401141293867,78.46554949804684,306,4
17.45201578545177,78.5477436402879,96,16
17.246353994356838,78.59797298809943,432,21
17.306110134078136,78.56947888058517,922,12
17.43099776717827,78.43122262163342,239,18
17.54328173431514,78.63743981535688,234,0
17.53751655280083,78.62559425301095,424,2
17.52692514678201,78.47671121043398,417,11
17.508693822477046,78.36926388724643,633,1
17.580134357145962,78.47703287310166,953,21
17.341940161576446,78.30712482413666,894,2
17.47604664824025,78.37311444226832,361,4
17.55643562364962,78.50085002457807,356,20
17.214229580880616,78.53572564811432,894,6
17.250972528481494,78.40537596956945,582,9
17.451116015355662,78.51329059685347,398,12
17.254824707057324,78.36143662153358,95,9
17.20889641756473,78.55415608032533,821,5
17.527497123623032,78.4295530897408,911,1
17.528628505783967,78.49135283612254,494,0
17.540710503130338,78.30350148179834,646,6
17.43178477048356,78.57299780243763,306,8
17.468715655118668,78.47289812552158,909,12
17.570339787714175,78.32097854539145,356,9
17.22304054233684,78.3303987019548,780,10
17.294166562842875,78.61008541096126,544,19
17.59768085744234,78.56009760034156,586,3
17.577023680964917,78.5588152557634,532,11
17.44235449562067,78.53839895738602,993,0
17.304611049990978,78.35039926142768,902,16
17.225652174723756,78.590352135634,687,13
17.273172668716224,78.62857128545421,783,8
17.25015760542138,78.45887268779128,415,21
17.57430780074696,78.30497189657287,115,7
17.58320844906013,78.42001679721587,426,18
17.511778405127604,78.40130867061417,663,21
17.31770298804681,78.55361413055094,138,9
17.459257148937738,78.64236966903971,113,11
17.20904502328839,78.52785314782302,195,6
17.50901345286478,78.64884348093727,865,14
