latitude,longitude,congestion_level,speed_kmh,hour
17.2923162025209,78.31767039000792,13,53.5,1
17.242131816250996,78.64212099170429,4,58.0,0
17.560629763857065,78.38691289954217,38,41.0,15
17.321153209643544,78.5910716193135,89,15.5,18
17.43289028079319,78.46116663518384,95,12.5,21
17.381602183762148,78.32253751322645,17,51.5,16
17.345684624480814,78.40852700786225,3,58.5,15
17.481905976951474,78.51984803748606,61,29.5,16
17.517230985689352,78.62468709124047,63,28.5,9
17.472526274521105,78.37447776173401,41,39.5,22
17.215829454689104,78.34331830349193,37,41.5,17
17.346289862903433,78.33125346095223,40,40.0,22
17.264942951977794,78.63276599322435,93,13.5,16
17.59021467843066,78.41679147552553,50,35.0,2
17.51316722803972,78.52839615772663,16,52.0,4
17.346137144639545,78.38632604211206,10,55.0,19
17.354971014863317,78.40958352338785,65,27.5,23
17.347866909351325,78.62128843488867,53,33.5,15
17.55767224168695,78.40464453921487,73,23.5,23
17.589410123888698,78.30444850262745,38,41.0,1
17.48741974374179,78.53112850762412,3,58.5,23
17.492564959317953,78.48061952736292,94,13.0,16
17.292836256739104,78.3241999600982,19,50.5,17
17.599623627819906,78.54796845359122,18,51.0,13
17.41105612482345,78.43732704491863,82,19.0,23
17.4574045769155,78.59658421683683,23,48.5,23
17.256215209052563,78.37659850597026,32,44.0,15
17.42864228075505,78.4438250550193,33,43.5,11
17.41631355751186,78.51425233556326,27,46.5,16
17.45312713491169,78.43519769147288,20,50.0,8
17.48518908656638,78.53619069245498,61,29.5,1
17.362717798027916,78.63389683245897,73,23.5,0
17.384071371697726,78.52039434750543,61,29.5,20
17.357430247789885,78.4536489335847,60,30.0,23
17.531178148235043,78.59216817058841,89,15.5,7
17.551901579851993,78.40048816352535,86,17.0,22
17.32352521665768,78.64336452041388,31,44.5,11
17.280705312023713,78.36963557529194,28,46.0,15
17.311318118856384,78.6457507218325,75,22.5,7
17.225063893854074,78.57191893234769,65,27.5,6
17.31875470556934,78.51647085426234,57,31.5,21
17.32824436938898,78.35148579099408,50,35.0,14
17.504324050162698,78.4740219557416,94,13.0,1
17.21521301733975,78.41234718829091,57,31.5,7
17.580374815578395,78.30453934854089,72,24.0,12
17.312475284316772,78.45285704814314,69,25.5,15
17.584891155483387,78.45550349536224,95,12.5,12
17.434853219427332,78.35624254660688,25,47.5,17
17.527144444773818,78.59644963505313,33,43.5,3
17.552628954156987,78.62443405679382,97,11.5,10
17.575472980965944,78.5537136268057,89,15.5,9
17.228827543049448,78.3199511851922,18,51.0,16
17.51997400481096,78.56866824523883,92,14.0,2
17.566451816170687,78.61355393677785,68,26.0,1
17.24868100738813,78.63229024071207,12,54.0,3
17.400769892765272,78.59108646765725,56,32.0,12
17.55471729529859,78.56719636488992,87,16.5,21
17.20168269995951,78.51577490871284,50,35.0,22
17.491798009396927,78.53766805752785,73,23.5,10
17.53122579422841,78.44494316711874,27,46.5,8
17.57894561506137,78.58319378368033,48,36.0,10
17.548843977904756,78.33784697069864,30,45.0,22
17.232039207192074,78.36281438423057,67,26.5,18
17.32692837438022,78.50637244719947,25,47.5,4
17.23424288063023,78.44143948940538,87,16.5,7
17.252895809069813,78.53570051302667,45,37.5,21
17.313642969469054,78.36067771983909,23,48.5,16
17.218134333169374,78.49941357057313,33,43.5,12
17.50124831239575,78.49728158367736,40,40.0,18
17.478391677998104,78.36307826114911,74,23.0,14
17.449423094511026,78.397704600227,16,52.0,10
17.21832847967112,78.54180222009875,60,30.0,11
17.304479874488678,78.35734404470037,39,40.5,4
17.276692413087012,78.31989651757956,94,13.0,13
17.4123381679351,78.61464418148731,5,57.5,1
17.367869430191593,78.43203074156246,57,31.5,17
17.40219271813176,78.64941308631059,50,35.0,3
17.414782602249424,78.53846317945347,67,26.5,15
17.394603674946076,78.40137180268995,92,14.0,17
17.435113525447647,78.47836812726162,98,11.0,20
17.508342423111028,78.58910482066759,88,16.0,2
17.459391397766396,78.51775626377707,44,38.0,21
17.414130585460043,78.35979015069822,90,15.0,15
17.547387192805473,78.63825760487684,56,32.0,1
17.327378024146604,78.42962181093401,40,40.0,6
17.516042895678755,78.58824125149545,81,19.5,6
17.548312416863652,78.49260999462206,76,22.0,13
17.485919280220354,78.48943673504205,79,20.5,21
17.34468362202182,78.39939919738367,65,27.5,9
17.31352066957338,78.60005040711845,28,46.0,19
17.530201944542814,78.35596864815967,97,11.5,9
17.564915840445586,78.44631206182848,18,51.0,23
17.31221854932049,78.56228482907717,18,51.0,5
17.221699771869947,78.57537329363403,30,45.0,1
17.35403996114348,78.31399664616819,62,29.0,15
17.333231548275005,78.45547252053696,0,60.0,6
17.493964306803502,78.6351928647647,12,54.0,4
17.4464169873641,78.37979731225543,82,19.0,8
17.518556747007203,78.31029107108965,62,29.0,13
17.325292944667964,78.4477008252329,33,43.5,21
17.39022477466196,78.56135396470388,6,57.0,6
17.251491197828113,78.30981815931885,14,53.0,5
17.48188926093681,78.37818323304981,26,47.0,23
17.22359869807739,78.52209146042784,15,52.5,8
17.265247080085206,78.53329893685934,96,12.0,20
17.567785286722096,78.4070806109156,20,50.0,13
17.315612906315362,78.54344992183688,46,37.0,22
17.216374957762934,78.61056525846925,9,55.5,1
17.3259610688776,78.6227570129049,97,11.5,7
17.304661133896783,78.31764619163603,72,24.0,8
17.492129195979437,78.37566243609895,11,54.5,10
17.48578047149094,78.45432237609874,41,39.5,21
17.244992765650096,78.53293216150075,50,35.0,0
17.36559865610532,78.4937382488003,68,26.0,20
17.589004613192426,78.37973741482827,83,18.5,7
17.38672537881013,78.37746857668223,15,52.5,7
17.50610689617483,78.30013535068488,4,58.0,17
17.206942008739777,78.41464069973568,50,35.0,0
17.58441255983777,78.52747607193591,88,16.0,23
17.35927901773669,78.40309327436648,12,54.0,10
17.396921904497475,78.44451629851571,97,11.5,15
17.457848326319734,78.60737655258221,1,59.5,19
17.382514927175976,78.46953834588912,84,18.0,18
17.252349836327216,78.44165696732581,98,11.0,22
17.482457914563643,78.62758843453545,66,27.0,8
17.518642616524865,78.50112867189901,69,25.5,12
17.59143385171262,78.52030568991331,44,38.0,15
17.339985157989233,78.62521093487943,44,38.0,19
17.484739650918275,78.52054520954799,12,54.0,2
17.247288455182556,78.60669015072592,14,53.0,8
17.404720365926604,78.54135139505286,87,16.5,0
17.40512784452879,78.63614301227663,58,31.0,8
17.40965208872104,78.48803201403882,60,30.0,1
17.589519657349854,78.53486022169305,45,37.5,5
17.303020411549028,78.55509046818067,97,11.5,19
17.588115730533264,78.5057243069148,96,12.0,13
17.272872169426247,78.31684679975689,68,26.0,18
17.300393718134522,78.5494192748691,67,26.5,9
17.22750136017386,78.31898107752112,46,37.0,19
17.36481866491938,78.30514490890315,88,16.0,11
17.504954439451428,78.35601225789307,3,58.5,10
17.58370827969344,78.4789397566973,32,44.0,14
17.30921346382132,78.31952342401428,32,44.0,9
17.371514482921924,78.61866318154368,99,10.5,10
17.324714834265325,78.37483949060496,81,19.5,12
17.254209019305893,78.36627754999503,59,30.5,0
17.358595954938018,78.37440363693752,9,55.5,1
17.392006126173786,78.5719713073453,84,18.0,11
17.221942924736627,78.57187007013864,96,12.0,0
17.204758261508378,78.4456169002458,23,48.5,3
17.24735297775603,78.63398231408453,17,51.5,10
17.513973958368094,78.48046804396212,25,47.5,18
17.313617299163816,78.33795823408717,31,44.5,8
17.58534170498594,78.60361201595823,8,56.0,17
17.476311952054576,78.6438327168254,29,45.5,19
17.5725314394494,78.57446654372389,83,18.5,22
17.369537515808428,78.61609094018078,10,55.0,21
17.579176320406795,78.58659732322937,1,59.5,23
17.531647845581805,78.48103882706553,22,49.0,15
17.477043404854587,78.489624565269,50,35.0,3
17.385261129569884,78.58611203964841,97,11.5,20
17.509149167970932,78.57731426370748,69,25.5,9
17.52659199403927,78.55660438942245,20,50.0,10
17.275054414176477,78.64818597575895,82,19.0,12
17.55525892857944,78.50767025825535,99,10.5,16
17.39532475718405,78.50393871141213,68,26.0,18
17.346734309148047,78.57400064001213,74,23.0,9
17.400896026917028,78.47932869465622,44,38.0,0
17.484845615434544,78.57557139739029,11,54.5,20
17.2727948669087,78.63295574007725,43,38.5,18
17.344863683217625,78.45149824241447,35,42.5,17
17.257248121097398,78.37918048368648,86,17.0,17
17.507460502159397,78.3225253312315,1,59.5,16
17.46056092294967,78.38030843905953,47,36.5,7
17.312163641548405,78.57854702754175,15,52.5,3
17.427635238208126,78.32092582460433,37,41.5,9
17.567847123267118,78.48714823034857,85,17.5,6
17.583627907551538,78.39140483072109,60,30.0,8
17.555729033196915,78.39398445211353,95,12.5,8
17.42880960818575,78.50379212938212,65,27.5,13
17.2360913411691,78.57326536991184,3,58.5,21
17.57380564313757,78.30341501533678,88,16.0,21
17.285376112979268,78.55708084740223,47,36.5,17
17.22369046296738,78.32629941593191,71,24.5,10
17.264621336087604,78.30093467719286,11,54.5,3
17.593696396615464,78.40407736742381,43,38.5,3
17.25444707365105,78.46357188450176,39,40.5,17
17.22184222175078,78.40202893048442,85,17.5,8
17.520580582476263,78.39042025121475,88,16.0,10
17.289676038292612,78.48281669663434,88,16.0,2
17.52762530323725,78.4937147745524,79,20.5,23
17.48583892021827,78.38449811230913,13,53.5,18
17.48709249397938,78.45121390874137,95,12.5,2
17.533948759868363,78.36334410033457,77,21.5,12
17.250938386022206,78.53937532612237,75,22.5,4
17.46048167818212,78.38792804688131,19,50.5,18
17.391368860249063,78.64513097373873,11,54.5,20
17.42292288830188,78.34127467379874,15,52.5,21
17.476569588127038,78.41490905770645,58,31.0,7
17.56054807223816,78.58139285260772,57,31.5,22
17.58159062041385,78.35703756783846,60,30.0,13
17.492505898256358,78.44155053034426,93,13.5,10
17.536630799782493,78.53661492834676,66,27.0,4
17.58829094212774,78.59807130211239,34,43.0,17
17.41231730877958,78.43850384789636,45,37.5,2
17.32375603590538,78.46181413764512,71,24.5,23
17.55480917523595,78.34339866300942,0,60.0,9
17.457700303318592,78.47079887610955,31,44.5,21
17.46318162243913,78.4985608353428,46,37.0,18
17.310899656336776,78.38540899715552,86,17.0,20
17.26505606637482,78.62981680729571,74,23.0,11
17.42698709893929,78.455676435502,96,12.0,15
17.239554691947582,78.43645297307513,91,14.5,14
17.393783468808824,78.41141603853728,49,35.5,7
17.44410529455261,78.50736511927894,29,45.5,13
17.533553884905466,78.31058677389352,66,27.0,23
17.35788223936686,78.63327263987586,34,43.0,16
17.580845799268797,78.60357122749065,31,44.5,5
17.21599657726448,78.34281239667723,79,20.5,3
17.338478506183176,78.48987649478313,58,31.0,6
17.566273066965056,78.6410065310211,6,57.0,4
17.50004558446867,78.621993975548,99,10.5,6
17.576842791133434,78.43630332896524,36,42.0,13
17.36644049679521,78.32815362957282,84,18.0,4
17.539345909438055,78.61972668778566,28,46.0,3
17.273546126852754,78.56412283737316,69,25.5,18
17.52074033547452,78.41134187513336,22,49.0,2
17.465287188731317,78.33247825192329,10,55.0,9
17.22930973011374,78.41517096790125,35,42.5,5
17.247808201224476,78.4651918620513,29,45.5,7
17.554839677969216,78.45930549230347,82,19.0,23
17.55179261412565,78.63095217771007,5,57.5,1
17.24274967449206,78.60398026065953,4,58.0,18
17.575510630747573,78.45691621466088,25,47.5,22
17.221905953684633,78.52757531830424,19,50.5,16
17.411615406742435,78.45231353021948,76,22.0,4
17.215390049654072,78.3597844379998,74,23.0,16
17.390481938824035,78.52457194162866,76,22.0,19
17.406044743255784,78.56519596481866,60,30.0,0
17.320736338065718,78.41191036644558,36,42.0,12
17.278479484423226,78.59657849830923,88,16.0,21
17.244409466579338,78.42351284270266,11,54.5,9
17.51117552458965,78.30371005751095,74,23.0,1
17.222547887853366,78.54349372153813,19,50.5,3
17.51075881208839,78.63490028101162,76,22.0,11
17.273961581249587,78.47273378600077,51,34.5,4
17.42218362802886,78.39312751980877,29,45.5,9
17.318409260725986,78.37036606493089,61,29.5,2
17.30378800730107,78.6421225295995,65,27.5,11
17.359742369747245,78.55009097132871,15,52.5,22
17.493425322246306,78.36447439704004,18,51.0,18
17.480469380173147,78.30080780187808,49,35.5,13
17.41716303140501,78.48856916761679,6,57.0,7
17.33759859251629,78.4556737728883,13,53.5,1
17.207530155322768,78.62315879706021,95,12.5,16
17.58597236083567,78.33460813844474,63,28.5,16
17.399448538443966,78.39820374887218,35,42.5,23
17.203510023048434,78.37339621989022,43,38.5,16
17.219611297036217,78.4286482188702,73,23.5,8
17.430332995052854,78.54939346624084,50,35.0,0
17.398964617406286,78.37421452350956,66,27.0,1
17.488753824026592,78.51465978956989,50,35.0,8
17.593185392768234,78.52108246296054,47,36.5,0
17.44700235608548,78.51077161640197,41,39.5,6
17.249129962874623,78.34334924512825,99,10.5,13
17.379174016824503,78.43578462882265,6,57.0,13
17.569261299059292,78.52596715683224,57,31.5,2
17.363266892554094,78.42939325599541,87,16.5,10
17.409529679070648,78.38875561964406,12,54.0,4
17.53444150914621,78.594611259275,80,20.0,16
17.43056051729956,78.42565762091641,93,13.5,4
17.37262135288097,78.45589251885363,70,25.0,17
17.507714395598693,78.6423999859683,68,26.0,8
17.281456495109996,78.47868648205417,85,17.5,3
17.434730655971755,78.63659991023103,58,31.0,1
17.351856298929,78.33952709100586,6,57.0,11
17.591329461546124,78.52598121066808,15,52.5,2
17.560854843267627,78.34634689821732,66,27.0,8
17.385975131953256,78.36320631006993,75,22.5,7
17.311839858537283,78.35649112401674,65,27.5,5
17.423217661102573,78.53831273385714,58,31.0,13
17.212499053608987,78.32171973706542,28,46.0,2
17.413118908417346,78.43914482919237,92,14.0,8
17.20652493122417,78.38333877626309,0,60.0,8
17.38277588344999,78.3954761946494,98,11.0,2
17.406014114248013,78.3129949446135,15,52.5,7
17.447097135207404,78.30144725066633,26,47.0,0
17.527138512050332,78.56112370181683,78,21.0,12
17.44751456581702,78.5270333621625,69,25.5,20
17.56234051087525,78.46465130040683,13,53.5,13
17.58857492815086,78.4614480814965,51,34.5,11
17.464564548901205,78.51814840642164,21,49.5,8
17.47527346997484,78.34226105203338,99,10.5,12
17.288903381398747,78.51645793003888,32,44.0,17
17.55436032895217,78.33371650998863,22,49.0,15
17.50893672383679,78.35136597402315,22,49.0,9
17.272130931003783,78.63334591834207,2,59.0,0
17.433588964958904,78.31019277607642,97,11.5,9
17.45213440039936,78.58962659951672,68,26.0,4
17.508555422572936,78.41270660974119,63,28.5,13
17.230541651793008,78.30833589536394,14,53.0,11
17.510915865944014,78.57265033558076,29,45.5,11
17.567215432438935,78.59906959217311,87,16.5,7
17.39786949862533,78.48055458931132,75,22.5,5
17.36386781739674,78.30975082193886,11,54.5,22
17.448323445064315,78.58729317781206,22,49.0,15
17.31565234891949,78.5340833443531,33,43.5,15
17.53854796189542,78.59656583147182,71,24.5,15
17.3480608060568,78.35410469892034,98,11.0,15
17.515994005929514,78.4791588930311,50,35.0,17
17.453559663022258,78.5776754658514,4,58.0,18
17.553212189639122,78.4095628940756,60,30.0,11
17.352960818202508,78.44299061982798,11,54.5,22
17.261948321365182,78.38738439257342,96,12.0,20
17.441156205198304,78.30440474840313,80,20.0,23
17.394365940551733,78.39929291053674,90,15.0,16
17.556175992002068,78.52227013013581,16,52.0,12
17.24854600654938,78.4341440295382,62,29.0,3
17.573601426180755,78.41143106328938,48,36.0,14
17.40744538843866,78.3818079256033,17,51.5,9
17.335402008400056,78.53686664102156,47,36.5,9
17.335527259778758,78.32287690375877,50,35.0,7
17.2066759064091,78.5691322048751,30,45.0,14
17.426674798305445,78.42636008672542,10,55.0,15
17.26222895434396,78.6496341451674,60,30.0,18
17.257641751730674,78.32246389563232,71,24.5,2
17.505427143830534,78.36575517133512,98,11.0,6
17.57143809888782,78.49261265563963,8,56.0,18
17.468177052972173,78.53887093984363,72,24.0,17
17.33316081818238,78.42291101599437,92,14.0,11
17.39422554214716,78.40972309123613,19,50.5,5
17.45987481053904,78.51418842833472,80,20.0,14
17.51372094560229,78.30713633778464,16,52.0,8
17.375104468587573,78.31320025205363,87,16.5,17
17.38000545775464,78.36728343073999,70,25.0,17
17.453612695913638,78.44738414281558,18,51.0,20
17.345848051441926,78.63087546842618,67,26.5,5
17.228976904087958,78.40135011728347,21,49.5,18
17.592933894223957,78.53272346760149,56,32.0,3
17.22776775271059,78.35720007331204,28,46.0,12
17.491389372912767,78.30242395891747,45,37.5,5
17.306750426648467,78.33617519320845,93,13.5,23
17.394815573864584,78.30419318654087,73,23.5,10
17.558020972245163,78.40729072648469,73,23.5,16
17.46948011314334,78.30231441846757,68,26.0,17
17.51055097383889,78.58688508029545,66,27.0,8
17.477087906180433,78.36653456340751,21,49.5,0
17.555127334691317,78.4775621277591,79,20.5,19
17.375448710120008,78.40393713802047,96,12.0,23
17.320540511869694,78.33853727189016,86,17.0,9
17.354875080557907,78.32486119353001,37,41.5,7
17.41856439658298,78.53396802486776,1,59.5,15
17.297126171420278,78.60433525463802,53,33.5,6
17.481456222928475,78.53870028050298,27,46.5,9
17.231227167711033,78.55696659334644,87,16.5,15
17.322610084474597,78.55804912682092,96,12.0,8
17.57984036285125,78.39544747747873,86,17.0,23
17.314977131051666,78.4831916129026,2,59.0,12
17.346834807058265,78.36044289090654,23,48.5,4
17.24503786657812,78.4581406578679,87,16.5,22
17.385506606415294,78.34433558587709,27,46.5,13
17.210967552285666,78.57897283160693,75,22.5,22
17.393171578212126,78.36211265964518,6,57.0,5
17.25142757818535,78.38658542267751,64,28.0,8
17.304912410517346,78.60861117114618,29,45.5,19
17.510166899822476,78.34443193159784,13,53.5,15
17.29562158667455,78.31514692682269,42,39.0,5
17.293506900554355,78.47752193430648,12,54.0,15
17.33717727909084,78.6391856380228,100,10.0,11
17.24825208034777,78.61037133090764,41,39.5,23
17.46109560811665,78.3558115891108,64,28.0,3
17.309830882735046,78.40767038027602,49,35.5,10
17.57651781082319,78.63284405129508,2,59.0,18
17.55507953837839,78.52968064370528,16,52.0,9
17.521207750858945,78.3256172110962,21,49.5,5
17.492049993523942,78.30128901711696,18,51.0,10
17.236022692157402,78.4600757311132,40,40.0,22
17.395621855897218,78.624930918498,39,40.5,15
17.24227318818663,78.33582623951638,22,49.0,21
17.520100497396676,78.60048514246087,52,34.0,1
17.478542013441842,78.6179785592903,72,24.0,15
17.39044947902413,78.44324671219319,94,13.0,15
17.494508933450938,78.4839485386357,82,19.0,12
17.283533735093947,78.56487835960644,86,17.0,23
17.23250547338804,78.57012137177456,8,56.0,12
17.58703658284962,78.3668737516962,0,60.0,12
17.45711591562657,78.57075521171241,58,31.0,22
17.510167719002716,78.5898077213526,7,56.5,4
17.437209099353744,78.58508534295537,38,41.0,3
17.513790797840876,78.47983332465957,99,10.5,18
17.21482999180178,78.58161347075077,72,24.0,19
17.372879529483107,78.47244799783365,46,37.0,2
17.52454745727588,78.42990017068199,24,48.0,23
17.53558400114248,78.41991948119104,79,20.5,18
17.274501579075064,78.38976029980815,9,55.5,0
17.240349759919855,78.39533912866823,68,26.0,21
17.39232035755957,78.62762412829107,59,30.5,22
17.243018145143093,78.43095849133292,59,30.5,14
17.42930119309602,78.43409355555441,8,56.0,22
17.3044763114347,78.50758403591296,65,27.5,9
17.41802422178267,78.32970429693204,88,16.0,5
17.344180507233173,78.48324082197709,31,44.5,8
17.229771251149906,78.35228593049958,6,57.0,4
17.53799464646612,78.54779492338095,63,28.5,11
17.48863352550017,78.422516330611,36,42.0,1
17.473543825763446,78.60926568265644,47,36.5,22
17.52331678372604,78.43869162232112,27,46.5,3
17.573186523729174,78.55611559900677,91,14.5,18
17.561843409893953,78.31469887053964,23,48.5,6
17.316418746852865,78.51672226013224,13,53.5,3
17.288654791130618,78.46105278718585,71,24.5,23
17.52792242064128,78.47757044176782,35,42.5,8
17.449007622041346,78.59759668653862,97,11.5,11
17.426195053479145,78.48295283476146,88,16.0,6
17.533137124713463,78.45482990149529,84,18.0,16
17.266929153329553,78.62099785043472,67,26.5,2
17.35347620529736,78.60002204690012,0,60.0,20
17.32886422371777,78.32418701241562,13,53.5,3
17.511522507273742,78.34599432685796,69,25.5,7
17.57993942156563,78.5369781859658,83,18.5,7
17.419166440415655,78.42840586597325,68,26.0,12
17.321153134914077,78.54974471413703,99,10.5,19
17.218767214381966,78.43907731743835,41,39.5,6
17.21834597438769,78.46198343810579,96,12.0,22
17.382128579973067,78.44276107536,43,38.5,9
17.266363886619622,78.41781030413655,66,27.0,4
17.56712922368509,78.57195694165802,69,25.5,14
17.575866181156204,78.60184664202352,50,35.0,2
17.530237736676785,78.43707518760705,15,52.5,7
17.207003177398256,78.63877435737271,89,15.5,13
17.320542138313144,78.62193177570434,65,27.5,17
17.524251206089545,78.5376146616659,46,37.0,17
17.499298536286975,78.38484522276637,62,29.0,23
17.311842323953467,78.47634363472498,100,10.0,16
17.58739877000506,78.51763243371991,14,53.0,4
17.482889418681957,78.39810308708537,69,25.5,14
17.236334015772037,78.44410712218927,50,35.0,17
17.2810772715768,78.64685482731825,98,11.0,19
17.376557312918788,78.41733983802952,8,56.0,19
17.378591159569588,78.50154406196201,81,19.5,22
17.54140573875621,78.57666605707468,1,59.5,2
17.470985875691923,78.3927607624915,10,55.0,22
17.487614689887195,78.44532412277508,56,32.0,7
17.474635863842096,78.32191919647269,18,51.0,0
17.51387586526278,78.50183248188593,68,26.0,18
17.54936533384246,78.57591754611393,54,33.0,22
17.250459777129574,78.6225284011074,21,49.5,16
17.43719698459632,78.54963565354151,9,55.5,1
17.461335229721065,78.38870501448667,79,20.5,7
17.399665032939417,78.48294285642582,50,35.0,14
17.548381879800704,78.3574118439526,17,51.5,10
17.427333569739968,78.60658635464348,42,39.0,3
17.208176715715325,78.43562588565976,67,26.5,21
17.282337884309396,78.57430419621309,81,19.5,2
17.22325577298105,78.63080349529345,54,33.0,5
17.275965081468126,78.43141196205039,62,29.0,15
17.431270640927906,78.31760233166071,99,10.5,14
17.201321896206213,78.32896314278284,12,54.0,2
17.423377039083654,78.334759602141,64,28.0,18
17.41136509744187,78.63311386965817,3,58.5,16
17.29475336097413,78.51841186074809,13,53.5,2
17.36199611486729,78.44487318795679,22,49.0,22
17.599792770753446,78.49499580707959,81,19.5,1
17.46413486879776,78.3464241016218,100,10.0,6
17.548509869041947,78.48736567356157,20,50.0,12
17.255910741117603,78.35455593558095,9,55.5,12
17.555514117203018,78.38745409366331,39,40.5,4
17.44111431085115,78.60333754388505,18,51.0,7
17.29569044202505,78.53169575341705,27,46.5,9
17.568126067525423,78.30105427752892,76,22.0,17
17.49673434075341,78.42354697925532,54,33.0,8
17.372178567383205,78.34136961649348,26,47.0,4
17.36603379911358,78.46248461077474,75,22.5,9
17.39803289517753,78.44524259634323,15,52.5,23
17.599280609645355,78.58130790288587,65,27.5,6
17.509201503117396,78.53733707443102,8,56.0,10
17.578308433900382,78.60110780480072,80,20.0,14
17.336415233229015,78.43674292577334,67,26.5,20
17.58980197972928,78.42984604667983,29,45.5,23
17.524162992995926,78.48530644371223,59,30.5,13
17.521464492221543,78.59458377576632,63,28.5,14
17.35556525501631,78.55456468161617,91,14.5,15
17.56139056850993,78.52432859321821,86,17.0,10
17.330902430215996,78.43173844523218,10,55.0,23
17.39685071860297,78.47260918130137,86,17.0,21
17.306913566665546,78.5979585418086,88,16.0,22
17.286645951208943,78.41486915114726,65,27.5,5
17.39114373274401,78.6417619355273,86,17.0,14
17.28142548641005,78.35865342891702,60,30.0,16
17.3155096140398,78.61165413398591,41,39.5,23
17.42997732891237,78.30720160123556,52,34.0,0
17.49095200536397,78.6337354803447,37,41.5,21
17.32399843559765,78.34459136588175,23,48.5,21
17.550605927195363,78.33888076685672,22,49.0,18
17.59188996213137,78.35298836919935,90,15.0,7
17.50468421002091,78.59771065127144,22,49.0,17
17.297492078964606,78.63735114743915,88,16.0,13
17.565555025977254,78.47604287822689,1,59.5,7
17.2550390493661,78.53180133281553,75,22.5,10
17.39443039072163,78.38746546212168,22,49.0,13
17.47710676590636,78.52214696509444,22,49.0,17
17.233770577627734,78.48559430608171,9,55.5,22
17.46766259932341,78.34100740529401,5,57.5,21
17.378482234679158,78.5256483909825,75,22.5,22
17.563812687259677,78.5421594651338,23,48.5,14
17.208411703468133,78.35592110183573,58,31.0,21
17.32475696227382,78.46288028683333,25,47.5,16
17.3581353274039,78.57666195576991,15,52.5,15
17.30644771952964,78.55353507988562,14,53.0,4
17.408871301641348,78.32240019934898,16,52.0,18
17.323548295204194,78.59625747909983,0,60.0,13
17.5676910059237,78.43377406441675,46,37.0,10
17.279470379666048,78.388029983599,11,54.5,7
17.47439025519374,78.42850060752536,64,28.0,10
17.396300977986286,78.47226233255326,96,12.0,23
17.38754967366304,78.42195840651429,37,41.5,12
17.269180438116454,78.59344150858945,78,21.0,19
17.41132572757918,78.46343149688519,90,15.0,0
17.42535356273849,78.40999659178337,46,37.0,2
17.42035749892969,78.60147613993186,5,57.5,14
17.516773101621887,78.64432166387945,1,59.5,1
17.314037247285818,78.62569122421435,96,12.0,16
17.497901852662924,78.6372238727312,96,12.0,17
17.32000351245492,78.55699112886734,3,58.5,22
17.28405965769625,78.63455624108568,98,11.0,20
17.202986824776314,78.6064182198696,53,33.5,10
17.30259590058515,78.52311592058273,38,41.0,6
17.554930128038198,78.63903178581357,98,11.0,10
17.576903492995978,78.40349000559748,73,23.5,7
17.326734996333155,78.63879019451812,73,23.5,7
17.427209257117294,78.42022889621035,9,55.5,22
17.42774460433469,78.47089613253542,40,40.0,7
17.40495690741028,78.5519001667371,40,40.0,16
17.521470440304142,78.45342766538253,86,17.0,18
17.563037898520218,78.56004240614324,98,11.0,14
17.43016743338945,78.33489733556061,68,26.0,18
17.382331479285078,78.64671870249929,42,39.0,13
17.481982398552496,78.64264641551637,93,13.5,18
17.3024712268319,78.5612231563096,86,17.0,15
17.31406469917418,78.49649896820316,41,39.5,21
17.20146963219694,78.43305173736668,3,58.5,17
17.36818807074658,78.6202033196469,11,54.5,4
17.241687063364687,78.60372275172807,98,11.0,23
17.436873120126695,78.45349084805659,54,33.0,22
17.264181901979452,78.41988652926827,94,13.0,6
17.222512484133436,78.52629693154583,38,41.0,23
17.405249977406275,78.4163665576969,49,35.5,4
17.307168455346524,78.62156843746969,92,14.0,22
17.321318350445637,78.44155458249966,40,40.0,1
17.24280748191367,78.46969961538449,37,41.5,14
17.597837520842646,78.48161998948713,47,36.5,23
17.407581999723856,78.49643097288615,21,49.5,22
17.51907419022376,78.62993099372176,10,55.0,9
17.562313102280328,78.33381913240112,1,59.5,20
17.44622334129555,78.5874928635355,18,51.0,6
17.31298013271211,78.38704080370137,53,33.5,17
17.45739465477667,78.59475083618477,95,12.5,8
17.336926514672125,78.51764298780455,31,44.5,10
17.486525083429854,78.4836378165002,12,54.0,8
17.340824832291137,78.34436563768853,50,35.0,10
17.36468596225582,78.4435904632284,1,59.5,12
17.206650401112675,78.39166540495265,81,19.5,21
17.2944466616806,78.529987519077,2,59.0,2
17.320983389283263,78.61814078317946,94,13.0,9
17.211254958232193,78.51623659421135,19,50.5,2
17.236680886779595,78.63396486051046,66,27.0,6
17.474062587485168,78.45920226788526,10,55.0,11
17.244321206106317,78.53654308566375,16,52.0,1
17.465728237891803,78.6243901790471,89,15.5,14
17.564072441725656,78.55942053411388,55,32.5,11
17.49627784773992,78.42338234674145,77,21.5,12
17.20623629470685,78.59210441965317,61,29.5,13
17.584953678116488,78.63982666240966,70,25.0,16
17.45832496952341,78.44876411197389,10,55.0,4
17.30427187620324,78.6303716937161,72,24.0,16
17.54287852955706,78.34825092011265,25,47.5,12
17.502941104373484,78.44703742802928,92,14.0,5
17.271430760679323,78.33408673874786,72,24.0,1
17.35529274158764,78.3487630332644,67,26.5,0
17.464961750290477,78.46183687563823,94,13.0,17
17.30174538132607,78.34350589187301,87,16.5,8
17.500341787298815,78.37072813903747,7,56.5,6
17.25084266897715,78.60723633060996,52,34.0,16
17.33096750501937,78.64684370535784,95,12.5,10
17.40488597994528,78.62594434148387,98,11.0,9
17.230631665495874,78.56034286470589,16,52.0,19
17.555576140965602,78.63440054977659,21,49.5,17
17.462380699263207,78.36672742694334,45,37.5,5
17.473397517526415,78.55885457167263,83,18.5,12
17.506253075551164,78.59047462272991,12,54.0,9
17.45325210784364,78.31605202426296,62,29.0,20
17.50668182212592,78.39579370957564,43,38.5,20
17.4566207896884,78.32145658892735,9,55.5,11
17.24870764489716,78.4647023143415,98,11.0,14
17.413401156177393,78.53472373643706,13,53.5,1
17.553337022166225,78.30248332966336,35,42.5,4
17.48980889690297,78.45270196278112,3,58.5,1
17.370301719320043,78.52975766870206,9,55.5,0
17.314615587572522,78.43051747735126,36,42.0,11
17.447508522301263,78.53294026859544,68,26.0,20
17.58909041313831,78.6170694698159,80,20.0,22
17.46874058043682,78.63467147251775,36,42.0,23
17.474001111678163,78.45142387371716,49,35.5,0
17.533276270700796,78.36515334048488,27,46.5,6
17.24206859117461,78.62053800508443,0,60.0,13
17.438752229800528,78.56119551135073,78,21.0,15
17.475873930060693,78.50532985390959,0,60.0,20
17.20728550907387,78.55820109347164,63,28.5,4
17.398300466692643,78.5663501452261,67,26.5,8
17.346958245572555,78.40429316913573,13,53.5,20
17.251153072552295,78.38788243794139,54,33.0,2
17.53652197360352,78.5788747271597,71,24.5,11
17.31116829291619,78.36036685363428,20,50.0,10
17.56278597231178,78.34123998478925,18,51.0,9
17.27793337443188,78.60700480971626,40,40.0,5
17.203631966652956,78.47294985995312,59,30.5,6
17.24792895773201,78.38961593402686,94,13.0,15
17.226093742053234,78.35303328634794,61,29.5,11
17.257918434306315,78.53422485737399,7,56.5,16
17.26562194637193,78.62345898697059,36,42.0,9
17.415630389513638,78.31575298807283,37,41.5,4
17.429869902758494,78.5816631386608,59,30.5,21
17.502122798554065,78.4961052188728,54,33.0,0
17.505693874808507,78.64467577535115,30,45.0,7
17.303085644899408,78.6096794007891,13,53.5,4
17.26483806426759,78.57434987709762,1,59.5,0
17.470271581849968,78.38862721610336,80,20.0,4
17.296186528761364,78.42460320225969,48,36.0,5
17.218163564229613,78.54741329462192,86,17.0,2
17.562919452164667,78.61398056051729,43,38.5,1
17.428090266167473,78.44513339563366,80,20.0,21
17.488601477382527,78.42194509628638,22,49.0,6
17.549067191243413,78.55072768495793,51,34.5,10
17.345594920408573,78.48616753892875,98,11.0,6
17.521429769246076,78.32209894979727,74,23.0,9
17.49647270349123,78.39967321951814,73,23.5,6
17.404010212122184,78.56139520035829,96,12.0,10
17.468473442765912,78.48260740500514,12,54.0,21
17.53603779235453,78.45656730193403,63,28.5,1
17.500514695181533,78.33992650420167,16,52.0,20
17.31245724379039,78.62469541207277,65,27.5,12
17.280141199559065,78.64316970255491,96,12.0,9
17.263217305062042,78.42890519803116,91,14.5,22
17.53013529382736,78.63107091384413,7,56.5,22
17.352214562787296,78.33042881602513,85,17.5,8
17.374055240926825,78.51892074258377,2,59.0,20
17.413241173702954,78.31697086200316,10,55.0,1
17.289832993223694,78.3027961138653,86,17.0,14
17.530821256556997,78.36851979269255,5,57.5,22
17.555661642020535,78.39880247361546,17,51.5,12
17.21711770640883,78.5672662295654,66,27.0,10
17.404702880881274,78.55323391283646,49,35.5,16
17.373037207152013,78.63733640462382,46,37.0,6
17.459502031176154,78.39997348845088,39,40.5,9
17.462303870171173,78.63824156371189,59,30.5,11
17.36959208025658,78.57860894983159,9,55.5,17
17.382072040653156,78.44588415762775,36,42.0,19
17.352753875807508,78.61912490833019,1,59.5,3
17.474467092117735,78.40931834465971,95,12.5,15
17.2958199389792,78.60332503908764,77,21.5,15
17.30360340871734,78.51268862462486,6,57.0,13
17.24260270480385,78.49065225808361,4,58.0,10
17.37499165795326,78.42154936691051,62,29.0,3
17.583561685274617,78.4939416913843,87,16.5,10
17.371034337159365,78.49464225049508,16,52.0,12
17.58698151801357,78.53793838065306,11,54.5,0
17.461164279699503,78.47750404326668,49,35.5,10
17.39308424785032,78.53005547781271,68,26.0,1
17.412324143464133,78.40060750825499,73,23.5,18
17.351596017721164,78.33950812870721,54,33.0,1
17.33277371454287,78.45805259304484,59,30.5,21
17.378616684030117,78.58913204441373,20,50.0,0
17.494392696289484,78.30845962173156,33,43.5,8
17.516699377148733,78.48622272625909,1,59.5,20
17.459299037658898,78.36425150735829,1,59.5,14
17.24662455741632,78.524402113554,49,35.5,20
17.443437752250684,78.45705897253553,48,36.0,6
17.368834835789794,78.40602177583649,45,37.5,17
17.33688297402739,78.46171822338263,24,48.0,4
17.465815327270757,78.4497239964099,58,31.0,18
17.54491951284346,78.35129718780145,33,43.5,2
17.237688816441384,78.6353786312454,19,50.5,19
17.47975867661777,78.3161588783971,46,37.0,3
17.413089595873533,78.45478666815534,75,22.5,12
17.338707317481525,78.47328795223639,55,32.5,17
17.344223494829173,78.40724293648888,55,32.5,9
17.436213918096314,78.6036310889275,9,55.5,22
17.30346520349419,78.50143794893339,22,49.0,7
17.230442927166145,78.46518605418844,66,27.0,6
17.59578120265482,78.6120810885508,20,50.0,3
17.357594124703528,78.43503218979754,47,36.5,16
17.28243424324571,78.36491817062073,97,11.5,9
17.39602867151271,78.53962063851912,43,38.5,2
17.579817723021968,78.44169919654502,93,13.5,7
17.44876130955575,78.3549943354953,33,43.5,15
17.580298045366817,78.43336521442198,26,47.0,19
17.43100812208477,78.38102249325927,60,30.0,4
17.527647153638622,78.48583030853777,86,17.0,5
17.310731382768925,78.63969078947726,45,37.5,18
17.50423746090085,78.39227583198046,58,31.0,19
17.396034142848954,78.38119967166163,77,21.5,21
17.422780703404705,78.33832977643395,84,18.0,4
17.399686136490722,78.53556797957667,25,47.5,3
17.34597425752067,78.31622313777932,8,56.0,5
17.416074499991705,78.4221951223014,100,10.0,5
17.506269948492864,78.35578494475668,43,38.5,2
17.289891474683202,78.52990552473126,61,29.5,14
17.376393521124736,78.32575110332853,82,19.0,8
17.221584907953698,78.39453664746635,67,26.5,10
17.37728737857458,78.61382810727224,82,19.0,8
17.248478191148383,78.5757094591589,8,56.0,10
17.361900016211024,78.56841421233422,3,58.5,7
17.594960796398055,78.40750558082888,2,59.0,2
17.384138501621578,78.62765514134774,47,36.5,6
17.405516766032548,78.34502219236643,81,19.5,8
17.25053594426712,78.43109964416341,1,59.5,7
17.501527747518594,78.391925184473,84,18.0,10
17.554464173842646,78.45939419051648,75,22.5,18
17.388642331527397,78.4519605641664,37,41.5,9
17.31622941904151,78.4416944957543,85,17.5,7
17.583188720988854,78.32886988010854,6,57.0,21
17.22997492800681,78.30853518741074,76,22.0,21
17.302083245801246,78.43878674578212,12,54.0,7
17.263792672303666,78.60722621513933,68,26.0,14
17.592214613534722,78.5297800150628,70,25.0,5
17.38571938632623,78.49928072569054,0,60.0,21
17.359152806970492,78.38717254434201,47,36.5,9
17.526650694391076,78.53422497779938,18,51.0,3
17.282628769578263,78.31583338723446,81,19.5,4
17.278442665283674,78.56079072468444,1,59.5,12
17.484891274936064,78.5855107503637,100,10.0,14
17.292837853962894,78.41845796455317,98,11.0,18
17.41206298774135,78.40937228933174,27,46.5,1
17.247384652461346,78.53677979960378,26,47.0,0
17.503743588567254,78.38415222160295,25,47.5,2
17.37601884757439,78.63078949450612,62,29.0,22
17.25340443018857,78.31862112000316,73,23.5,14
17.528876765747775,78.30390191797302,53,33.5,11
17.485859974805074,78.60856706525642,90,15.0,3
17.518197138502824,78.40260920212947,49,35.5,8
17.57825738581209,78.41402361154726,10,55.0,15
17.35804951317504,78.64154419067242,27,46.5,5
17.423982018987584,78.48756205255027,84,18.0,5
17.35539247703169,78.55857748632803,43,38.5,2
17.557072956970718,78.42590090810732,39,40.5,20
17.248923692484357,78.4727494281728,37,41.5,20
17.25857918116951,78.57562499684254,7,56.5,0
17.438107413591776,78.52629859405509,60,30.0,9
17.363485608941193,78.56459871112165,13,53.5,7
17.413953483480135,78.42703681722331,69,25.5,12
17.552185533219156,78.44810464278724,50,35.0,12
17.264620276117572,78.37419430432954,7,56.5,13
17.45899145449517,78.5055309010827,21,49.5,4
17.44562881425903,78.46977216648737,68,26.0,0
17.279376814268048,78.34766400341988,9,55.5,0
17.44005074341953,78.41740602477711,80,20.0,16
17.52869308860157,78.46653396657689,39,40.5,2
17.518148835383776,78.48899001927708,64,28.0,8
17.531460212160816,78.47219000471321,4,58.0,10
17.535853044243993,78.36656609818326,11,54.5,21
17.414468984817095,78.6159583614803,43,38.5,14
17.563704115385693,78.44299047207566,74,23.0,0
17.319275761184425,78.62505543022617,99,10.5,5
17.27456720216245,78.41954406212419,42,39.0,20
17.573970757905666,78.35582040703605,91,14.5,20
17.543416033596344,78.52380669593106,72,24.0,19
17.469930657018807,78.49559030983475,12,54.0,16
17.2476493764845,78.47409332550639,15,52.5,9
17.27684554525354,78.32241103649844,2,59.0,10
17.57201580582597,78.36870490629464,91,14.5,0
17.520993982388227,78.42834062730392,37,41.5,8
17.269963247615113,78.49710686107625,38,41.0,2
17.536543327563123,78.33980301560744,81,19.5,19
17.53841235976904,78.48948111252669,62,29.0,7
17.431904026149173,78.57623295850928,37,41.5,11
17.394105794043263,78.64260775937501,83,18.5,18
17.330122272547,78.60990604755173,26,47.0,8
17.398495046490844,78.53693665764044,57,31.5,9
17.52912203235523,78.39321695241289,32,44.0,13
17.350687712697564,78.36000318828347,53,33.5,10
17.408370038475514,78.54794100318163,6,57.0,15
17.582231014551493,78.41764247216146,99,10.5,17
17.475487085792405,78.4829231640479,9,55.5,9
17.274522989027062,78.59852411881948,72,24.0,4
17.512570186236974,78.3856750610354,94,13.0,8
17.286933928117215,78.51781961374651,97,11.5,18
17.538593283707336,78.52946006729297,74,23.0,22
17.379415623310425,78.54267691145395,17,51.5,12
17.474148619339278,78.63677032885772,46,37.0,7
17.531494524072095,78.49782848964081,30,45.0,13
17.207568726956648,78.50637010066744,10,55.0,12
17.342708469150512,78.41621649935243,49,35.5,1
17.498405094307408,78.49154232334111,56,32.0,3
17.42636423421901,78.56259687235105,72,24.0,18
17.543670565316383,78.4702203653794,86,17.0,8
17.406461319603572,78.31386511879236,2,59.0,13
17.36522726097561,78.37579155918276,92,14.0,23
17.283854853837983,78.5542468357958,56,32.0,12
17.428573586660622,78.4886621435276,9,55.5,12
17.436880209087928,78.63962541725493,12,54.0,6
17.341684986717723,78.40576758410609,20,50.0,19
17.531660497928574,78.32165703843371,54,33.0,16
17.544819115151103,78.49576047602551,49,35.5,0
17.428291911149884,78.47933187029908,20,50.0,2
17.512849537318232,78.50646493549455,97,11.5,19
17.528689947754778,78.4182529391793,35,42.5,14
17.26251675394541,78.30398394566514,21,49.5,5
17.589337038545548,78.48728163507903,71,24.5,11
17.248793520388936,78.43136305405137,4,58.0,0
17.400238301101194,78.31977339065274,68,26.0,10
17.356784490682955,78.35055103434462,84,18.0,21
17.57385945102518,78.48259084326084,63,28.5,7
17.21437314715067,78.45702950480221,14,53.0,6
17.281982786174762,78.63001993689433,5,57.5,5
17.49214486044351,78.30227437009594,73,23.5,22
17.438514161652627,78.3496334835569,12,54.0,6
17.41866184647365,78.41985178143085,80,20.0,10
17.4844586533455,78.55361924175293,84,18.0,17
17.364082128625782,78.47282887494184,89,15.5,9
17.55324343392025,78.54124072644511,65,27.5,9
17.31757389756793,78.50520707548095,90,15.0,2
17.280439458263434,78.38753125190729,62,29.0,3
17.33772157252932,78.41577804991262,9,55.5,0
17.43410860627182,78.31406605580803,55,32.5,0
17.261082163625183,78.4494771118646,4,58.0,19
17.40461987558758,78.47775344800095,95,12.5,2
17.528084115941652,78.31543971514118,90,15.0,16
17.57128038040415,78.39319034289379,78,21.0,8
17.543924117927016,78.60733557410344,64,28.0,10
17.57638467436644,78.33245742686266,29,45.5,7
17.267583006551675,78.48516905073538,51,34.5,11
17.52344876956081,78.5252736072187,70,25.0,22
17.301454668980533,78.60315840880708,99,10.5,13
17.35103911512166,78.55406808642202,6,57.0,0
17.353404890532445,78.56819012681568,99,10.5,1
17.40242895438485,78.50271736376781,5,57.5,10
17.5252276150791,78.52715126679773,79,20.5,9
17.438524076208168,78.33314318838411,91,14.5,17
17.32675150439465,78.39539682370079,91,14.5,8
17.253249634839452,78.40431122419842,46,37.0,21
17.364988296943597,78.59551241115354,97,11.5,13
17.370889368865544,78.50775811286111,38,41.0,15
17.434539045998104,78.41586275193863,61,29.5,22
17.576035742073493,78.6319133108638,66,27.0,11
17.274319075347908,78.59464480965427,99,10.5,2
17.54586138737038,78.48736993604916,21,49.5,11
17.350291932316424,78.49304194771051,58,31.0,16
17.56180255753516,78.5714993267165,36,42.0,20
17.434601348955134,78.63666576114079,50,35.0,4
17.45408663019697,78.63516240074742,48,36.0,16
17.514623941744173,78.35504809611531,68,26.0,8
17.397609671041433,78.44787842436385,55,32.5,2
17.212041427380694,78.36176559434166,71,24.5,22
17.28624194956835,78.43140691645031,67,26.5,1
17.511026239702808,78.4119481002412,30,45.0,6
17.261172191391672,78.30190453051934,10,55.0,8
17.349602263405114,78.47850396688037,6,57.0,7
17.321564987354073,78.52427318906409,10,55.0,1
17.327754482718532,78.31332345997698,21,49.5,16
17.458963055197955,78.3894295118646,88,16.0,4
17.287050468695973,78.59326918037685,19,50.5,18
17.21076950738385,78.63279531628795,23,48.5,7
17.35826418948884,78.42472711651554,63,28.5,6
17.491461647172812,78.44856288631718,36,42.0,12
17.485930403877806,78.58340934682919,78,21.0,22
17.52535031521472,78.63006197619796,67,26.5,9
17.481002283698132,78.61011132253024,10,55.0,19
17.272488353844047,78.6136291857471,87,16.5,3
17.31937586849902,78.33985939260324,29,45.5,5
17.235355492447763,78.4759216298521,46,37.0,5
17.326144744529238,78.56962267502671,10,55.0,21
17.253856134597946,78.3210605367367,55,32.5,20
17.331701640673934,78.53639489462468,19,50.5,1
17.50154211559939,78.35703913148403,34,43.0,9
17.242325850428468,78.63361180283782,81,19.5,11
17.407770313429573,78.48309164432382,81,19.5,8
17.456386721192366,78.34910538806344,68,26.0,10
17.516619712866756,78.58491504919094,32,44.0,21
17.342382662308594,78.41356160904589,59,30.5,20
17.364238625399764,78.6224418701428,44,38.0,14
17.456441095440532,78.5458188525248,28,46.0,8
17.50809641702603,78.57302745115939,20,50.0,7
17.58835612679967,78.35427194315626,53,33.5,7
17.479347370421177,78.30085803711296,49,35.5,18
17.57266529538153,78.403906544667,42,39.0,8
17.268205731490056,78.39070581486111,46,37.0,14
17.47089931251384,78.3043991708579,37,41.5,19
17.20569294483638,78.33092257731228,80,20.0,0
17.46297319184234,78.31639983951365,74,23.0,13
17.292831948706418,78.4540208613888,27,46.5,13
17.456240203110724,78.40115054474778,56,32.0,10
17.470758404060074,78.54338707615385,44,38.0,13
17.31148009064542,78.31354210514759,39,40.5,2
17.265954716394496,78.32249821192799,44,38.0,12
17.516349232086107,78.59390361295453,21,49.5,6
17.50906323219656,78.30343384716063,87,16.5,16
17.22219050956762,78.50627975955743,32,44.0,13
17.27538024708715,78.42291842189397,75,22.5,23
17.516764329473165,78.49641798587167,98,11.0,3
17.540269106720803,78.56271959070536,67,26.5,21
17.38927755160627,78.49327631615978,17,51.5,12
17.285866380977996,78.63252898941454,18,51.0,4
17.552739533431637,78.451636473251,73,23.5,4
17.27456416599895,78.36900812781637,72,24.0,0
17.494862545733138,78.59149083700312,45,37.5,19
17.329078307205517,78.37983376885222,46,37.0,16
17.500061609536946,78.48951162374429,68,26.0,14
17.505016062136782,78.64174872512314,75,22.5,2
17.417623617487994,78.51979086063699,48,36.0,20
17.481512144023192,78.565321839063,40,40.0,0
17.301132780771987,78.43911302147896,10,55.0,7
17.589752065659496,78.46583549612444,49,35.5,12
17.562851815970234,78.50443010319125,33,43.5,19
17.42429840251765,78.45501517372136,59,30.5,18
17.493340190574415,78.47539274643039,11,54.5,14
17.260982708257416,78.41947304042583,60,30.0,15
17.256249485536173,78.59384648827998,40,40.0,15
17.237642803716234,78.45680802120592,41,39.5,10
17.365728318804234,78.3581275807025,13,53.5,10
17.311931723986113,78.49923383310103,15,52.5,19
17.27226650009032,78.41308759739067,14,53.0,20
17.32927874367931,78.3398532256938,48,36.0,18
17.375755176960126,78.61790468230481,4,58.0,14
17.247948614301194,78.50461187230158,77,21.5,2
17.409560216327773,78.31946926322529,98,11.0,10
17.288828436346197,78.40577163133625,53,33.5,18
17.38438847195629,78.46391622816681,86,17.0,11
17.51550032688177,78.34144402394348,14,53.0,6
17.203865793649076,78.55727810508176,98,11.0,10
17.55436771093534,78.5635483812785,64,28.0,15
17.259006583789095,78.41606541908406,52,34.0,23
17.419749127891997,78.55256561093651,20,50.0,0
17.579492994457222,78.48835617532293,97,11.5,4
17.373461564981834,78.32357695255003,26,47.0,6
17.238933340776054,78.42921521696323,4,58.0,14
17.315974538708744,78.534576348311,27,46.5,1
17.52011732495609,78.42160528024657,36,42.0,14
17.32016968061024,78.34807031936091,18,51.0,2
17.37344705641757,78.50650214770444,2,59.0,3
17.58870514084593,78.4085388599881,55,32.5,7
17.251140993351807,78.61900667054711,44,38.0,6
17.49798492920899,78.3486393563587,83,18.5,8
17.59662711301986,78.4869822978156,20,50.0,15
17.204028456987793,78.61137457700927,42,39.0,21
17.528809144344706,78.40246873772325,18,51.0,6
17.24606564253589,78.53739660097649,1,59.5,17
17.598703535575577,78.56120956718388,95,12.5,9
17.27670373750555,78.62534071353595,44,38.0,22
17.456491688369006,78.37831601245327,74,23.0,5
17.315370341080925,78.57637349648364,5,57.5,12
17.252803979656363,78.48996349732194,71,24.5,4
17.57001682145085,78.5305085426574,71,24.5,2
17.511480707867577,78.5168303290618,44,38.0,2
17.512510485507505,78.57784060969787,78,21.0,19
17.38959175791589,78.54122850451786,100,10.0,18
17.515283311170595,78.44645939263252,19,50.5,16
17.23716124335833,78.41595467902708,59,30.5,12
17.484569316108423,78.46421073909761,83,18.5,11
17.36705274369725,78.5847423102113,59,30.5,20
17.349944259231776,78.53333418610453,23,48.5,21
17.525433132899934,78.35535555166805,82,19.0,1
17.388394571438443,78.53918248938348,35,42.5,5
17.33632823277965,78.54997829768494,59,30.5,21
17.33248709536273,78.31829684835962,84,18.0,23
17.23509556603025,78.3985040881935,21,49.5,14
17.560638190697894,78.35779947843963,38,41.0,17
17.331422252579358,78.57878474408807,29,45.5,11
17.376698474940145,78.31626940620023,28,46.0,19
17.40335772673666,78.43089707419584,92,14.0,12
17.381637971448956,78.57781043912584,56,32.0,19
17.484998161575216,78.37484910627812,75,22.5,7
17.373132357195576,78.50150060504932,96,12.0,22
17.28865617000822,78.63505237526395,79,20.5,8
17.27213314377033,78.62900880095611,28,46.0,15
17.33255065837131,78.5637886914138,11,54.5,19
17.23185305559255,78.3497182166874,79,20.5,2
17.590692939168196,78.5738819410926,52,34.0,13
17.49194166234471,78.46791445835849,52,34.0,18
17.478426894607928,78.31755797528919,57,31.5,3
17.424891546673194,78.5762754520944,66,27.0,20
17.49265247803906,78.49947724820863,2,59.0,17
17.286966122263163,78.52523809297654,92,14.0,5
17.54818920698489,78.44306448884345,99,10.5,9
17.392759898257662,78.60875353438031,58,31.0,13
17.372246214864234,78.50159522167183,77,21.5,7
17.536099880111703,78.47588623228741,50,35.0,9
17.557727418770163,78.30611672933583,45,37.5,20
17.223447601602953,78.54671673724211,80,20.0,0
17.441572225916314,78.50930346271558,49,35.5,20
17.27500712243356,78.6288373704232,10,55.0,5
17.56559383642645,78.44171788406483,13,53.5,17
17.545521186461123,78.41482752801578,60,30.0,9
17.498803408400555,78.3889631413008,78,21.0,7
17.243266151076135,78.4550561990782,72,24.0,11
17.389030663655966,78.63949870097579,95,12.5,20
17.277428027675512,78.60341679711576,72,24.0,21
17.54281608326802,78.40975715086472,84,18.0,13
17.46805411108899,78.4830231732706,74,23.0,15
17.56048686390145,78.34297139397212,80,20.0,14
17.49305905285863,78.4440652351101,72,24.0,1
17.43721944328516,78.40678398232127,96,12.0,10
17.224932316515297,78.63170934679185,35,42.5,6
17.293919846061147,78.44183390788972,4,58.0,1
17.226845904039813,78.50531493749887,2,59.0,0
17.244652588749027,78.53865310725969,12,54.0,1
17.345401275838597,78.64202737925126,40,40.0,18
17.232633479246267,78.62398943108323,65,27.5,17
17.231554932882474,78.3327700047776,47,36.5,5
17.497355026506618,78.30902047389284,47,36.5,18
17.584188202774353,78.32181486671068,74,23.0,22
17.244339240857705,78.62558076275866,15,52.5,21
17.463483061210088,78.44609621574145,66,27.0,16
17.54749339573455,78.48638704484945,47,36.5,14
17.20275002892759,78.38580591429645,82,19.0,3
17.56917039987238,78.30677558717896,0,60.0,5
17.274843330157978,78.36341122043768,24,48.0,6
17.37000183921981,78.49768925748796,56,32.0,22
17.558269507455957,78.47699291126393,0,60.0,12
17.497191369119424,78.46749767263645,67,26.5,22
17.37860851891592,78.46416271850504,82,19.0,23
17.245953869600058,78.3293956691758,55,32.5,15
17.416199881471744,78.4441279246526,47,36.5,7
17.27439860277469,78.64249330327002,65,27.5,10
17.2147955210518,78.33009486730552,95,12.5,17
17.346013391951132,78.54542092176207,19,50.5,5
17.248160918156177,78.47630124074173,64,28.0,8
17.5864144948849,78.44696245036509,98,11.0,9
17.37438249134619,78.40115057799969,98,11.0,0
17.450658612897954,78.40131568120071,11,54.5,5
17.47711496922091,78.59031028102295,96,12.0,19
17.290846929646076,78.37858536235532,27,46.5,16
17.252300095503674,78.46753429367124,60,30.0,1
17.25173613808906,78.4449973786968,60,30.0,3
17.527759630029156,78.39738253994453,6,57.0,5
17.539651047571017,78.62492209592561,77,21.5,6
17.27686381144201,78.57904203805563,53,33.5,3
17.463710791572527,78.49827420645632,28,46.0,16
17.53099346374668,78.4362176488177,42,39.0,22
17.2396845733722,78.33456110584319,74,23.0,12
17.49839158651424,78.62546108712074,99,10.5,5
17.370266680911108,78.31509484645194,0,60.0,19
17.23288076513011,78.30931272370061,86,17.0,18
17.303291349862505,78.42746606204005,55,32.5,12
17.516478267825864,78.37507406893495,59,30.5,3
17.535020926766695,78.4784101096625,92,14.0,18
17.279438849257424,78.39805360559296,89,15.5,12
17.5501423007654,78.47893139826301,61,29.5,0
17.366378970128558,78.5940413493757,9,55.5,0
17.374567771993167,78.5960033658349,74,23.0,7
17.52254380454912,78.41306972331317,11,54.5,1
17.34615335091941,78.57369976081512,61,29.5,0
17.58005129185894,78.5269628428054,20,50.0,4
17.311336619048287,78.46030110156268,31,44.5,12
17.224001157497142,78.45377401828564,34,43.0,22
17.422458140784368,78.49896069966131,7,56.5,16
17.43212434113644,78.6487098395122,81,19.5,0
17.50080639056927,78.36215885508997,54,33.0,17
17.217867122074388,78.39714773119883,2,59.0,19
17.332202557863333,78.44257738078728,57,31.5,1
17.572117588164783,78.37379608279282,44,38.0,9
17.397170161332614,78.44858586578836,92,14.0,1
17.425060833331152,78.37321134542213,30,45.0,10
17.588554719603216,78.61230078473572,99,10.5,11
17.283618418189324,78.6371473933245,67,26.5,5
17.507397755185018,78.44703182211886,54,33.0,7
17.25459932075722,78.57953824721899,93,13.5,7
17.52998706729051,78.46457320442228,56,32.0,1
17.2383507688451,78.32138036983862,91,14.5,10
17.217714349981048,78.41890677640248,10,55.0,22
17.350834644862367,78.50977641113118,7,56.5,22
17.320852059703764,78.63207942688554,76,22.0,11
17.417595139835296,78.45962527084323,52,34.0,9
17.51418549783582,78.55185039030218,86,17.0,7
17.5732168940394,78.53577058745041,31,44.5,17
17.562008522822627,78.56219894005493,79,20.5,3
17.270587263812125,78.48571414554834,60,30.0,9
17.47179715439931,78.60998519930087,46,37.0,6
17.204210635930128,78.59376537468101,83,18.5,16
17.24732124912924,78.58218624232826,25,47.5,23
17.277785606481544,78.35769946107516,51,34.5,18
17.276695649575785,78.30039240395024,97,11.5,11
17.414783940744908,78.36282616261764,84,18.0,22
17.508669184586847,78.5770277339281,30,45.0,16
17.367861030268145,78.4988991754908,43,38.5,6
17.222807454409978,78.32837963750335,4,58.0,22
17.278031256338267,78.59893141845359,61,29.5,15
17.46316696188159,78.30346013951485,85,17.5,15
17.420408197302383,78.40743405660822,26,47.0,16
17.271940524749407,78.52608792517947,15,52.5,11
17.596972455472155,78.59025226161037,68,26.0,10
17.348135997315524,78.62032107214304,56,32.0,15
17.266804030952514,78.50145692699496,76,22.0,8
17.568367422458977,78.63083013976235,71,24.5,20
17.317607728011907,78.40827229108092,47,36.5,21
17.29873359654683,78.33568857649547,44,38.0,0
17.399309958509424,78.39399194364027,12,54.0,1
17.436836314996583,78.59154904343663,54,33.0,0
17.34511193501473,78.53369603852076,5,57.5,7
17.550413927668956,78.38805147972921,96,12.0,12
17.293715338041167,78.42332632856026,8,56.0,12
17.5201798796159,78.42657384532349,9,55.5,18
17.563591955546503,78.63266821592919,27,46.5,2
17.38382664147524,78.38481786069379,23,48.5,11
17.408666981365904,78.44322284995205,90,15.0,0
17.284959544672322,78.54108990859172,38,41.0,4
17.254779767793565,78.33316211036066,32,44.0,7
17.467730534013548,78.31789610769547,71,24.5,23
17.51262732579644,78.60836543473819,54,33.0,14
17.477970408925977,78.61472755357809,61,29.5,2
17.21757469315821,78.46243923632363,63,28.5,21
17.450102222064466,78.60197195265197,19,50.5,4
17.518208159541313,78.5157983506234,15,52.5,16
17.513205928486194,78.5514966290793,41,39.5,4
17.207536994357085,78.43212215216938,39,40.5,5
17.547513388217553,78.32608312722705,22,49.0,13
17.52052835226268,78.60054656242069,97,11.5,7
17.311025718545356,78.5702390307004,84,18.0,2
17.452937519422367,78.44335636221959,17,51.5,7
17.349414385567492,78.4793603137966,51,34.5,4
17.387058569822656,78.4603108927457,28,46.0,8
17.483319777112598,78.34833012205996,61,29.5,11
17.43464473379877,78.33300817053365,28,46.0,21
17.35989908982581,78.42673176438109,27,46.5,11
17.539435067598433,78.41462020229714,20,50.0,9
17.296597038658202,78.51100106421235,46,37.0,14
17.429399257061878,78.4134627520004,0,60.0,12
17.265180018229408,78.36464690365423,7,56.5,3
17.382581089822665,78.39855960315816,99,10.5,11
17.241613546464396,78.46443510391097,32,44.0,8
17.258405652875066,78.64315748039984,50,35.0,14
17.50370018642085,78.44266768188088,39,40.5,4
17.3747087135202,78.54788512228072,60,30.0,7
17.55073588204916,78.60072883790971,22,49.0,23
17.49228238233082,78.61657918185853,64,28.0,1
17.274883000836976,78.4417584293257,37,41.5,18
17.315992320088082,78.32908325327772,62,29.0,22
17.545338838271935,78.61975672471479,66,27.0,13
17.484645308109066,78.36927333135759,80,20.0,2
17.57933072144737,78.36571446512629,80,20.0,11
17.21011986642575,78.56126242586885,73,23.5,5
17.35067413724311,78.38640418734497,13,53.5,19
17.49921590051295,78.33115663767653,53,33.5,7
17.579978903139097,78.50728071854553,49,35.5,22
17.38920500221825,78.63410199692431,71,24.5,5
17.393255421526796,78.60806424019812,95,12.5,22
17.415312916691878,78.46479049694646,64,28.0,11
17.56294610462576,78.34641629844647,39,40.5,4
17.433703892793964,78.40120213488862,31,44.5,9
17.417122617329767,78.4914057728744,95,12.5,22
17.249916902746154,78.35193458710388,27,46.5,5
17.271176278745717,78.62179352668238,18,51.0,18
17.39457832917683,78.5172016201108,78,21.0,9
17.421169441885336,78.56911736686529,25,47.5,4
17.47693704655077,78.55655328571936,2,59.0,4
17.559110156289805,78.49807192334004,96,12.0,10
17.315022003722095,78.62886964816568,68,26.0,21
17.228774968626485,78.62720269257461,70,25.0,20
17.29592791405228,78.60651494577067,33,43.5,19
17.409592862169575,78.360369193365,13,53.5,13
17.518508413514663,78.54998442898605,24,48.0,6
17.371602060102497,78.535368131593,83,18.5,8
17.32305558290494,78.57370545492785,65,27.5,15
17.528963884627014,78.5652334034115,96,12.0,13
17.282425194861858,78.48216757885018,59,30.5,17
17.596599042795827,78.5908329798098,88,16.0,20
17.238070685394028,78.35464951784404,82,19.0,6
17.590118649320473,78.32339880013193,45,37.5,21
17.430310070497722,78.37590327894038,98,11.0,11
17.381262556559363,78.33825423082705,46,37.0,14
17.261776459015714,78.59869288811868,30,45.0,12
17.42372652338879,78.42263294824657,74,23.0,2
17.201931158191176,78.61654720454297,93,13.5,8
17.449196666768827,78.34472831390356,92,14.0,1
17.357424770048382,78.49242000844748,65,27.5,3
17.287841956394818,78.38300632343677,59,30.5,16
17.331529715263294,78.39116368307691,78,21.0,20
17.31967306071701,78.62278732990858,19,50.5,4
17.40437474105833,78.37926748859985,68,26.0,7
17.44185660735896,78.56413359846115,48,36.0,6
17.59207056726019,78.62933072253632,8,56.0,15
17.57211847514985,78.4124951175326,2,59.0,19
17.40857752800687,78.52447878256685,69,25.5,2
17.439664173405724,78.54730274632446,25,47.5,22
17.558143854982752,78.61856902033946,5,57.5,3
17.568405577412985,78.43734400913291,85,17.5,22
17.510724757360318,78.30226860774394,28,46.0,6
17.473616728754664,78.60613687884698,45,37.5,13
17.57981925411975,78.6204816946349,69,25.5,17
17.583974567776043,78.39498936124353,96,12.0,10
17.53014280146284,78.4637664376271,50,35.0,23
17.499700845431974,78.43837806701997,62,29.0,7
17.40968375669727,78.5364544239028,85,17.5,3
17.452761211011772,78.49144168283368,71,24.5,6
17.298389076587917,78.51430515635055,66,27.0,18
17.347718607051064,78.5963492468409,66,27.0,11
17.429352617041076,78.48340206294264,95,12.5,4
17.31336263218154,78.39142860578056,80,20.0,12
17.49013214643273,78.51401656676184,4,58.0,19
17.354114054660748,78.59868412912306,11,54.5,3
17.321305094324913,78.60063214265973,71,24.5,14
17.270131243502203,78.50082644376978,59,30.5,12
17.26270536339112,78.54368731135698,72,24.0,11
17.592408136940822,78.41689395041905,6,57.0,16
17.379596784596686,78.4634668255523,67,26.5,15
17.429680749790194,78.50660124512564,11,54.5,19
17.2149209245838,78.49580864226493,94,13.0,10
17.371432237568264,78.59885725876262,72,24.0,2
17.272744436673086,78.51519665573079,52,34.0,5
17.330772151773463,78.58461588702319,88,16.0,16
17.355831862543393,78.60253204139887,24,48.0,14
17.341049383640023,78.30499788601487,61,29.5,5
17.329423911985373,78.44468817929899,70,25.0,7
17.311772783145226,78.61873100242724,59,30.5,16
17.524783905756955,78.60122871321651,10,55.0,13
17.47715915790652,78.61149962338416,36,42.0,6
17.479669132103275,78.47211304992041,30,45.0,21
17.544923933986873,78.35219035782121,3,58.5,21
17.591694565479337,78.64610751183957,50,35.0,9
17.474029238757357,78.35271993322252,62,29.0,9
17.35432227462268,78.6425113832159,32,44.0,3
17.31893919909453,78.41798951882738,4,58.0,15
17.382758639407413,78.64981649037071,23,48.5,5
17.448481315831625,78.39028326410839,90,15.0,17
17.580059952311615,78.45298022195915,12,54.0,5
17.285131543974096,78.57042088658336,68,26.0,10
17.32451565253021,78.35011002741524,36,42.0,7
17.319589650403568,78.55793650561264,52,34.0,0
17.470113882302563,78.51176672003423,8,56.0,5
17.595758578883206,78.54332571773216,97,11.5,17
17.270195784812124,78.39929488499405,68,26.0,22
17.279938515729814,78.50914353515039,82,19.0,18
17.597242077857786,78.51212784189299,95,12.5,23
17.312894484121767,78.56055734531951,41,39.5,14
17.242794811963485,78.39365550161301,0,60.0,18
17.538684263800494,78.48344421149378,9,55.5,18
17.213741650150567,78.62864651023261,96,12.0,5
17.512066928443346,78.56377481453806,59,30.5,10
17.402306299638703,78.36847417133382,65,27.5,17
17.46059814937385,78.57562864986885,81,19.5,3
17.527078416493165,78.36068992058506,32,44.0,16
17.283587685979963,78.44916710971049,58,31.0,1
17.59884476567286,78.59767601750752,11,54.5,10
17.23178810101443,78.6473300074979,65,27.5,9
17.24169948024477,78.421667747173,2,59.0,10
17.450724334537696,78.6213778281482,64,28.0,2
17.547411711336714,78.54459750381405,88,16.0,18
17.202787953456355,78.43930083450664,63,28.5,5
17.200325800999952,78.63848494298234,59,30.5,13
17.59022045906918,78.32490169509494,87,16.5,18
17.362008390889486,78.5627327757472,55,32.5,1
17.47277401410215,78.6015820078184,84,18.0,23
17.45092285645768,78.36686222194326,38,41.0,6
17.22636747745646,78.61396819157105,14,53.0,11
17.56833478840342,78.36814812297918,89,15.5,20
17.24414145482591,78.64511433620318,58,31.0,9
17.321332068968903,78.35685651095251,2,59.0,12
17.554008205474137,78.5851741962985,68,26.0,12
17.54095277445386,78.33453020106944,35,42.5,15
17.553660633907082,78.55672170788989,17,51.5,9
17.38385934818954,78.38374593753407,27,46.5,17
17.374975292593604,78.59491963873472,37,41.5,13
17.558419976249997,78.64296003614739,10,55.0,21
17.296145696333863,78.56377862939512,39,40.5,2
17.214271445122005,78.56321299012453,35,42.5,1
17.34140166669828,78.3697289643045,44,38.0,8
17.318230452151653,78.31301096834788,86,17.0,6
17.55748213570391,78.32718735193397,54,33.0,16
17.369504271886512,78.57551720235178,18,51.0,8
17.547717113963024,78.33438721842217,64,28.0,4
17.460449427303907,78.41712473136101,8,56.0,7
17.298655596560238,78.31711505263195,45,37.5,7
17.260594312070637,78.4779099484723,6,57.0,8
17.37058434652858,78.63671467688127,51,34.5,7
17.330676344275677,78.58759479229262,82,19.0,18
17.26242683922717,78.33623198848765,62,29.0,5
17.39151217360336,78.48069698885301,94,13.0,9
17.43978631704652,78.39979566962475,19,50.5,10
17.310061130567448,78.41001641955778,21,49.5,20
17.543806292913395,78.49486952922602,64,28.0,13
17.204185250646223,78.40302618684096,96,12.0,4
17.38637621138965,78.4155489570723,60,30.0,10
17.52566446998715,78.54545238259618,29,45.5,22
17.274624516923375,78.37247255522554,33,43.5,5
17.30282863165491,78.53695947376755,76,22.0,4
17.26403906189851,78.64281368099662,17,51.5,18
17.450896500849396,78.55588711258423,58,31.0,11
17.28641199484332,78.52878396550541,54,33.0,20
17.538864321238425,78.58003260827866,37,41.5,21
17.493904390614006,78.58341910907512,85,17.5,20
17.443202282305286,78.55653883214285,96,12.0,19
17.57506962285388,78.48809518942414,17,51.5,22
17.59920708988912,78.30777080897312,61,29.5,20
17.342896204319487,78.4594183871761,71,24.5,18
17.331969638012875,78.33021443454112,80,20.0,1
17.498567418436142,78.30357695803416,7,56.5,22
17.33309677701932,78.39791074245093,38,41.0,13
17.228529457486847,78.49205601182707,95,12.5,21
17.302474463136637,78.41683907667542,94,13.0,21
17.565449772948558,78.5629183536885,9,55.5,17
17.342663772233177,78.57963649783886,93,13.5,1
17.557222140851422,78.44000200399115,69,25.5,11
17.46735956398663,78.52385201241313,32,44.0,4
17.455256579650108,78.33272414709847,34,43.0,2
17.39348184786607,78.58049336067842,17,51.5,11
17.37585468124098,78.56535397405591,40,40.0,1
17.285891586633518,78.43879196935288,38,41.0,14
17.518384392180568,78.50419717798376,94,13.0,23
17.307111535093092,78.33783874499204,78,21.0,22
17.2999005102571,78.41327172197035,46,37.0,20
17.26062465769853,78.49574097055418,63,28.5,23
17.205631257504102,78.64628858024095,70,25.0,8
17.342453115316335,78.34273532757103,10,55.0,11
17.303470946056706,78.5120983472428,56,32.0,14
17.274664162200473,78.30409604500682,70,25.0,7
17.34159088883129,78.35228015760443,27,46.5,2
17.272321039405707,78.307473380126,80,20.0,13
17.267444128389457,78.45761386633892,71,24.5,2
17.493388200619552,78.63780763229204,3,58.5,16
17.45996007353838,78.53860561594152,98,11.0,5
17.21147570314472,78.53280064789998,25,47.5,1
17.45640811269645,78.64522645125128,34,43.0,4
17.53729884361132,78.46701527540863,79,20.5,12
17.285113896030516,78.36043757315902,42,39.0,3
17.269219692735028,78.40662993653002,78,21.0,10
17.58899087819979,78.3301715309435,14,53.0,18
17.369470773700545,78.37909828930502,1,59.5,0
17.223677293859218,78.34997592084194,80,20.0,0
17.210980917582603,78.3427110866946,65,27.5,11
17.45643400405509,78.55281993177675,98,11.0,11
17.581933724482013,78.5368501540502,60,30.0,2
17.57550180486267,78.48974848053042,70,25.0,22
17.462847159814377,78.45041076804756,67,26.5,23
17.598791242843543,78.4725827061522,3,58.5,13
17.252979333691613,78.31893684219966,21,49.5,9
17.31704915081662,78.57847739596241,24,48.0,10
17.355670133231587,78.54313259030751,46,37.0,21
17.323968323405317,78.61724358698507,49,35.5,13
17.369980331034096,78.46067314978407,68,26.0,9
17.41727560363156,78.60278887764173,100,10.0,14
17.42383863007585,78.50082471348824,41,39.5,20
17.222066442358688,78.54576635331344,96,12.0,1
17.40577701943573,78.4322475884423,90,15.0,5
17.220266543734997,78.31048201067648,46,37.0,14
17.301666646540575,78.42736798945187,50,35.0,5
17.590066355404684,78.448166261106,58,31.0,13
17.384723100234872,78.30032764082384,47,36.5,12
17.317825571365237,78.33079361488116,58,31.0,6
17.5740381860158,78.34305966614065,96,12.0,6
17.336707550068905,78.63175248240807,23,48.5,21
17.501214511063665,78.35384607453986,38,41.0,15
17.435922300148903,78.58750798776875,86,17.0,22
17.41265523401633,78.61264016896226,80,20.0,13
17.379438278170092,78.4226388684657,72,24.0,19
17.318158111794094,78.6353411817876,68,26.0,3
17.481480318952865,78.64836782734851,16,52.0,17
17.410188963789807,78.48579534566926,57,31.5,9
17.41665041239087,78.52085541518514,15,52.5,15
17.538473712087193,78.43240586659083,54,33.0,23
17.510334388658816,78.4582053429434,58,31.0,9
17.405454936103606,78.49327439931074,66,27.0,4
17.48341312379572,78.31943145464246,42,39.0,9
17.55578957089105,78.5829296422489,25,47.5,8
17.274085634638535,78.33479454203035,58,31.0,16
17.22874341949329,78.62063389035019,84,18.0,5
17.367519661227895,78.32334325480298,47,36.5,20
17.388141934932367,78.38896252013548,31,44.5,7
17.490517578988342,78.56829415531814,98,11.0,13
17.4115122562491,78.35326434726217,67,26.5,10
17.268367283584325,78.35390589191431,76,22.0,13
17.559266603929057,78.5886962110769,98,11.0,13
17.317751872980214,78.30389240672646,11,54.5,23
17.301498475941308,78.33809627930846,59,30.5,13
17.593283656314544,78.61083922022335,67,26.5,1
17.254103804107032,78.5352609048778,28,46.0,14
17.356002858678337,78.5682306333012,22,49.0,22
17.233521324204013,78.59028852033357,74,23.0,2
17.459274247178453,78.58590436002052,6,57.0,4
17.450012568107695,78.35432649240587,40,40.0,10
17.48348576947619,78.370985377671,82,19.0,23
17.266767756541064,78.34347255656087,85,17.5,9
17.458728484205963,78.38626504123657,52,34.0,6
17.538411406642517,78.46967529443084,6,57.0,7
17.582503993082323,78.47823070354958,99,10.5,23
17.249951865540233,78.51151345406747,71,24.5,18
17.357605877125696,78.59758074542334,65,27.5,8
17.480476625850923,78.45445005018425,98,11.0,0
17.311387261217668,78.49910299313157,9,55.5,11
17.274208863624388,78.45839540133605,87,16.5,16
17.366098701699496,78.64306982843735,8,56.0,20
17.591634291438574,78.43142444239895,45,37.5,4
17.583485195642425,78.34999217671036,59,30.5,13
17.59668180172865,78.62966462709198,34,43.0,21
17.238555456553907,78.45396727014375,16,52.0,10
17.202829522614486,78.34891374010944,72,24.0,23
17.4032384125524,78.44965824394853,83,18.5,5
17.432042822454846,78.55555491158198,44,38.0,20
17.35388665098668,78.32172297174004,21,49.5,4
17.356288905801325,78.59181253686367,78,21.0,23
17.26814515047516,78.30749581583179,16,52.0,16
17.297035925574452,78.30074223547771,36,42.0,22
17.550916475183538,78.40613018703563,27,46.5,4
17.319524456285496,78.6009895100734,19,50.5,3
17.30340657450358,78.43578493563543,68,26.0,13
17.281831522165263,78.50143432798146,52,34.0,7
17.30996204295813,78.3070546554761,90,15.0,6
17.484512648286756,78.32836084596778,80,20.0,20
17.215166961642627,78.5665301227496,46,37.0,8
17.502693581040567,78.33545604033539,38,41.0,12
17.450238202362602,78.59585880444719,53,33.5,5
17.40029123787148,78.35680909115158,88,16.0,7
17.58857131089179,78.37168278912624,0,60.0,2
17.550498421597286,78.4625680411337,35,42.5,13
17.494015312813694,78.48878531448501,28,46.0,19
17.45476913744532,78.571361232185,100,10.0,1
17.502444909956026,78.31156276091008,41,39.5,17
17.589827018963515,78.55226414391848,80,20.0,5
17.529214519803702,78.49917394743694,21,49.5,1
17.260251112395913,78.59104854613821,68,26.0,20
17.51559300856007,78.53985501708179,11,54.5,21
17.447749860731676,78.30351109412246,86,17.0,7
17.547464369858474,78.56993861107016,100,10.0,15
17.371990780480978,78.51691043410318,73,23.5,9
17.53240250433476,78.41217099031405,55,32.5,19
17.578688470295337,78.31157531281053,68,26.0,23
17.54877357729338,78.3401229758748,71,24.5,2
17.363382360905,78.51661863296458,84,18.0,18
17.407737924928696,78.39740937326832,20,50.0,6
17.26752112245595,78.56027842538705,14,53.0,7
17.223893518472405,78.34370336610228,6,57.0,15
17.379813854388786,78.40621533193627,26,47.0,21
17.533155818283525,78.50900783972361,90,15.0,15
17.4899338002867,78.47858350851982,22,49.0,4
17.452583481891963,78.44288248257891,25,47.5,19
17.432553093985863,78.64990143196312,33,43.5,6
17.450631239563332,78.59910173607905,71,24.5,19
17.36255387762957,78.4852983784187,27,46.5,13
17.34761294002271,78.63400212500581,3,58.5,12
17.578866670410875,78.35601707591701,43,38.5,9
17.307658879254394,78.54191720504717,80,20.0,7
17.302407581243752,78.48755199199573,64,28.0,0
17.423625734622178,78.46873565039161,34,43.0,9
17.33917494066084,78.5821305911053,92,14.0,14
17.572044595133065,78.37678083126795,2,59.0,7
17.311791321237997,78.57480466288207,33,43.5,23
17.3981938329815,78.3673495429016,38,41.0,20
17.37141461437623,78.54277371100895,36,42.0,23
17.270175455818386,78.34326029465272,5,57.5,1
17.59848147595193,78.50377383591628,64,28.0,16
17.420936833237207,78.38995338432558,16,52.0,6
17.296012899613793,78.31627505779826,24,48.0,16
17.59642470771809,78.32143966054194,8,56.0,8
17.554724980636472,78.56105667757734,36,42.0,3
17.337959362258903,78.60568238039544,31,44.5,5
17.52017931396977,78.44401016249486,58,31.0,14
17.526080629811144,78.60875153910064,36,42.0,7
17.31024491128066,78.62502832641196,60,30.0,16
17.551500144970255,78.49905367997782,59,30.5,23
17.36279040487441,78.51772219185897,80,20.0,5
17.26445901882315,78.55477311494185,76,22.0,11
17.449031340876193,78.35064342628446,7,56.5,16
17.40505131905017,78.48769685133257,7,56.5,4
17.409244525761522,78.51207651829402,56,32.0,8
17.549921165607856,78.40071709767848,93,13.5,11
17.255949462518505,78.3788162339381,7,56.5,10
17.477184552225093,78.57652680401783,2,59.0,20
17.269457187866138,78.30442716400002,4,58.0,16
17.414808866277987,78.62259754493482,92,14.0,9
17.363873911885367,78.54534442406768,100,10.0,4
17.43475874467541,78.58985640173181,74,23.0,20
17.455714506651468,78.36545300995229,97,11.5,1
17.518434200135925,78.62337639954697,62,29.0,5
17.50721851880814,78.57112031549147,97,11.5,14
17.523298038517478,78.63603564039647,64,28.0,12
17.496923176815063,78.55064475524341,82,19.0,5
17.45098934110108,78.55090509445174,40,40.0,3
17.2772673718264,78.62090153629175,96,12.0,4
17.47254553604257,78.47260643545485,28,46.0,20
17.58910840891713,78.32172491909716,72,24.0,9
17.58209919506397,78.427039794179,88,16.0,6
17.20416708632515,78.31031568502561,55,32.5,15
17.324325977990146,78.42859465999688,76,22.0,6
17.3423939248107,78.45771876035693,51,34.5,19
17.596146471401816,78.53189518703785,92,14.0,23
17.2774578045038,78.55730482384118,3,58.5,8
17.414709770741965,78.38370151078666,80,20.0,5
17.475135165012833,78.51789121265492,73,23.5,1
17.545207637460752,78.41446807649022,55,32.5,15
17.535978811457245,78.39717569582481,85,17.5,6
17.443342293952,78.44960574359422,67,26.5,16
17.4584787747457,78.61941067729421,40,40.0,15
17.236309494176666,78.54328737297591,30,45.0,9
17.24152918578129,78.60313501747981,58,31.0,6
17.592223535303578,78.40498298553943,38,41.0,1
17.26263552938185,78.41853923136493,67,26.5,16
17.39069026735855,78.55176532055478,64,28.0,18
17.26851642480784,78.4953002183314,1,59.5,19
17.397508273556184,78.36989985116327,71,24.5,21
17.545571958822045,78.54726080760213,49,35.5,23
17.50440457658172,78.41012742536738,59,30.5,11
17.405020199741706,78.39762036767074,13,53.5,10
17.35338218169993,78.49462521454801,22,49.0,5
17.32449284763684,78.52264521888425,88,16.0,14
17.41287979382463,78.55487138025133,38,41.0,16
17.28599571242997,78.56730077144134,71,24.5,3
17.380662839073768,78.37989236269792,97,11.5,9
17.399367448591992,78.50513579766061,44,38.0,2
17.46887087115102,78.35439527618034,58,31.0,6
17.517350072448373,78.38029460363549,14,53.0,13
17.555506260911116,78.51410211505421,65,27.5,10
17.37155497097833,78.36544889565324,19,50.5,10
17.49821177040286,78.45280203301385,62,29.0,22
17.37453073219641,78.62614128818893,61,29.5,0
17.471648790708038,78.57026823858459,27,46.5,2
17.236195823846668,78.43625159595229,54,33.0,21
17.454030962548085,78.42821206100042,82,19.0,23
17.389719959936375,78.4891153157479,9,55.5,14
17.470244514332276,78.4412556401688,43,38.5,16
17.417053003301007,78.63174402546657,19,50.5,14
17.253756188596928,78.5584639255958,41,39.5,11
17.267784436809222,78.31912657992001,74,23.0,17
17.426689451304167,78.56117716040997,49,35.5,8
17.439479685138295,78.30476636191061,40,40.0,1
17.42432227413209,78.62837080833992,12,54.0,7
17.457097838661223,78.49684906905897,92,14.0,12
17.52581568746472,78.59005708014801,22,49.0,9
17.49977126280818,78.57695462336892,62,29.0,13
17.54133716224201,78.40436352967802,91,14.5,1
17.516428553971437,78.57571760873567,14,53.0,4
17.355470316631948,78.5876214725793,42,39.0,10
17.323972312959523,78.5295949663017,30,45.0,22
17.243751096357713,78.36807195733795,64,28.0,3
17.442197907451167,78.39739791725646,85,17.5,10
17.499364042539533,78.44477072750533,50,35.0,19
17.211097482803034,78.54754514059537,97,11.5,12
17.39713122330725,78.64667009860516,76,22.0,0
17.56066300986556,78.640624121455,0,60.0,8
17.518089446654226,78.30770730184429,95,12.5,5
17.31455935922152,78.61627805578448,2,59.0,0
17.426898571736206,78.40298471095973,7,56.5,17
17.289441482923458,78.49590129013474,6,57.0,7
17.370066857183424,78.55340406180946,76,22.0,3
17.236647434494177,78.62658479068425,9,55.5,15
17.36773312410852,78.40874460254649,99,10.5,17
17.269457073878407,78.60645116551412,95,12.5,14
17.545016699312157,78.63796756613594,92,14.0,8
17.42397067999372,78.50777489456537,80,20.0,9
17.265384294451483,78.39331989305805,42,39.0,2
17.46688049587443,78.63758369286201,92,14.0,10
17.355599197832767,78.43676917146188,72,24.0,3
17.470154565777012,78.57789895793844,67,26.5,10
17.408324205716227,78.48185800276393,52,34.0,9
17.393366079217767,78.50454499951056,10,55.0,1
17.52169186192006,78.42074466366753,66,27.0,1
17.22571992103925,78.41322766206227,39,40.5,23
17.555220161722954,78.3833689817235,88,16.0,0
17.48143447654627,78.63709862545873,43,38.5,11
17.417848267036913,78.47733040474552,70,25.0,7
17.25036514780157,78.37023207763949,56,32.0,14
17.21867065188759,78.60291564573271,98,11.0,14
17.555905226962636,78.45026896870117,74,23.0,1
17.39064972756266,78.37311775252861,60,30.0,18
17.221880711684463,78.55404436743231,97,11.5,22
17.533927332253846,78.60240884751114,83,18.5,18
17.238735158826906,78.57403541728597,34,43.0,1
17.455998409221582,78.40687828408947,54,33.0,12
17.479330489094053,78.55157170252929,57,31.5,11
17.577494139103297,78.48777517511823,51,34.5,5
17.441761880172706,78.52298437817065,7,56.5,1
17.336415037807996,78.34349163724858,59,30.5,18
17.46736101529467,78.58266339457346,10,55.0,17
17.44167065611021,78.43392396884825,58,31.0,8
17.470901163437937,78.45580216203155,38,41.0,13
17.50604877928684,78.60930747416212,5,57.5,20
17.48776000305055,78.38402775775197,5,57.5,1
17.378825905863682,78.54618312847688,34,43.0,15
17.36020159903803,78.63226969961192,73,23.5,6
17.209735799909012,78.56341314880967,75,22.5,17
17.506120689939575,78.46265724693671,22,49.0,16
17.233610774821067,78.3590480406772,66,27.0,8
17.23140446447119,78.4361645278779,60,30.0,12
17.481892453309033,78.41899283644173,41,39.5,7
17.481959719725328,78.61194638020082,63,28.5,0
17.302103453640026,78.31379507136405,92,14.0,5
17.241815911998767,78.3881624874273,82,19.0,18
17.403854430904182,78.63306587035274,84,18.0,19
17.396119811039178,78.440543890663,87,16.5,21
17.5092783744669,78.42818093819061,37,41.5,13
17.28441721065691,78.48339305102579,85,17.5,0
17.420482486971636,78.43954964491947,32,44.0,6
17.299804462092155,78.37314071351733,13,53.5,21
17.350252773561422,78.60684405365785,64,28.0,14
17.31789391700557,78.54752653493208,90,15.0,2
17.533730442154823,78.59508353200465,62,29.0,13
17.36058440900319,78.33821325893544,93,13.5,9
17.298694213523813,78.33915982701703,23,48.5,17
17.566202223266533,78.37148220291976,85,17.5,8
17.338806216842205,78.32798668333204,80,20.0,5
17.42523042896252,78.60619856297112,31,44.5,14
17.472222287424675,78.5807165792001,33,43.5,17
17.24800093902619,78.34415675224528,75,22.5,1
17.59249207254249,78.42173512676632,83,18.5,18
17.389618953537475,78.54508106916892,86,17.0,14
17.45123626263451,78.3051483148269,25,47.5,6
17.510629784733627,78.53660266553172,68,26.0,21
17.3359438988559,78.36460896485762,23,48.5,22
17.5718475920114,78.3611266272769,16,52.0,8
17.578139463056946,78.60515290896468,79,20.5,22
17.254688584749683,78.31648923402635,7,56.5,19
17.257102349389186,78.43187164846746,16,52.0,18
17.482478328740655,78.454481789375,83,18.5,23
17.362002384774566,78.42636280810193,17,51.5,15
17.502714314550072,78.52171628420172,99,10.5,7
17.202263461218134,78.45665921582481,50,35.0,22
17.437796845304742,78.32334525422998,15,52.5,23
17.44464758492253,78.44037216767161,3,58.5,21
17.469018745822144,78.48219987357926,61,29.5,9
17.44600733270385,78.3227327724394,4,58.0,20
17.488914220974067,78.63601966966965,38,41.0,15
17.44261998267541,78.56337653670916,34,43.0,23
17.37721995584621,78.61394268544196,23,48.5,12
17.303186751176145,78.50488597968572,6,57.0,7
17.358782206027485,78.42599846305109,42,39.0,19
17.565412818972007,78.45854495566869,6,57.0,17
17.418094781336663,78.41182988003416,2,59.0,21
17.271901749845703,78.56491067242783,24,48.0,3
17.51620633636407,78.61642399174166,29,45.5,10
17.227206662037688,78.31083252305102,70,25.0,16
17.517590056267,78.3013680496912,50,35.0,19
17.302594405552085,78.41937788894292,97,11.5,17
17.410042630317797,78.36558756022686,80,20.0,0
17.253693121738202,78.63716974703601,56,32.0,18
17.38695544734396,78.35035288089563,41,39.5,0
17.261359068431574,78.38413336793779,82,19.0,20
17.408192498068093,78.52188534514012,55,32.5,4
17.265221809331756,78.4040733804908,100,10.0,12
17.288440425671627,78.58726883545519,72,24.0,15
17.58759663499331,78.5293347042018,79,20.5,14
17.247031904879943,78.3092549516943,27,46.5,13
17.43329646400407,78.33959862932207,57,31.5,12
17.35881641203397,78.5287158814193,25,47.5,8
17.219833084478918,78.58777286103765,49,35.5,9
17.42456955945994,78.62024265288863,98,11.0,10
17.56347901243938,78.5053680038338,8,56.0,22
17.34917594200446,78.31602650758975,29,45.5,0
17.488313474152104,78.41542787045552,9,55.5,20
17.377271130580723,78.55829625736253,10,55.0,12
17.517519282500288,78.33593118753383,93,13.5,21
17.508858804431455,78.58448495748408,89,15.5,5
17.448366127910255,78.31065620473838,15,52.5,0
17.465094944752295,78.39697323046401,81,19.5,10
17.351707236343984,78.4276779058951,4,58.0,4
17.4848540573141,78.63411915430447,51,34.5,13
17.56504705629111,78.44545287720803,59,30.5,15
17.27456070682913,78.45792194911931,16,52.0,1
17.426076888734553,78.45128379118279,47,36.5,5
17.571169002250898,78.62738672584823,82,19.0,21
17.564076923127576,78.63428671611548,96,12.0,21
17.236641141607834,78.62296393386146,82,19.0,17
17.443142378233798,78.57483117383337,28,46.0,14
17.55419285222973,78.33323239531573,62,29.0,16
17.30410879618715,78.4180322540734,41,39.5,11
17.306887634290053,78.35270058042636,97,11.5,10
17.47077513909833,78.38688398009984,32,44.0,23
17.332579655831097,78.3485502949345,33,43.5,2
17.409625411098332,78.60156772309821,4,58.0,9
17.28138417809592,78.3683225754636,49,35.5,22
17.524094485607034,78.31627620835656,2,59.0,21
17.28373243585923,78.42740765095834,35,42.5,2
17.249333149422565,78.53898766243694,46,37.0,13
17.2606855172634,78.33826384997592,38,41.0,0
17.486191080987837,78.35510187154466,44,38.0,17
17.48997813185959,78.54226418898887,87,16.5,10
17.222286258399752,78.62349813758682,25,47.5,12
17.408232218638677,78.43749576589212,84,18.0,20
17.312294426909737,78.64281734401507,22,49.0,12
17.23630193511194,78.33281066086381,86,17.0,11
17.34594244318566,78.37741326831748,26,47.0,13
17.45515404816902,78.50589397112185,85,17.5,2
17.25775426736737,78.45650317047085,41,39.5,19
17.21738770933738,78.60022665929132,89,15.5,5
17.50807633500839,78.42782569625554,81,19.5,3
17.394116516546887,78.45219216440202,94,13.0,15
17.284078727324392,78.3046631691952,95,12.5,1
17.54654391283013,78.44186746301959,83,18.5,19
17.372282239067495,78.44190673706758,96,12.0,16
17.590994075378852,78.51504734403386,60,30.0,10
17.357681848516496,78.61193945431853,1,59.5,7
17.36868049099777,78.54637850318647,50,35.0,17
17.372310793232874,78.35756447648235,90,15.0,13
17.4566320613088,78.35752364850147,51,34.5,15
17.59612328193766,78.34827476184873,80,20.0,19
17.43887023432193,78.34807397791467,82,19.0,23
17.541047142596003,78.36355866634746,71,24.5,12
17.562202021385986,78.47521732799488,42,39.0,14
17.508871425842212,78.62585532321471,21,49.5,7
17.349869129786292,78.50536485329239,71,24.5,10
17.530123244583276,78.49000006493097,11,54.5,2
17.329130359230632,78.51218816842227,3,58.5,13
17.213133329001746,78.30042263256034,24,48.0,16
17.370505531166717,78.47133728427303,42,39.0,10
17.575448559268125,78.5505355155793,29,45.5,12
17.437874060913646,78.62870483656427,11,54.5,0
17.476005399813616,78.59922487611293,80,20.0,22
17.585258353886204,78.40686644118297,72,24.0,9
17.489625740567583,78.48609251462968,94,13.0,20
17.400946039710444,78.48574340515859,82,19.0,15
17.51749231594847,78.56996705883466,30,45.0,20
17.508488186642882,78.64382521581652,73,23.5,12
17.282164372630092,78.3989471519504,1,59.5,20
17.261926788495913,78.34447155496022,35,42.5,4
17.352710266746463,78.58222000674846,42,39.0,15
17.49373816167916,78.51425533177628,19,50.5,15
17.47910771351762,78.34993073031129,46,37.0,3
17.516231789334178,78.54239781334864,70,25.0,19
17.465453128654577,78.54589058798875,49,35.5,5
17.599222880911466,78.40422893201868,70,25.0,3
17.358329929683592,78.32268287771335,57,31.5,6
17.593312403144424,78.4455762028362,77,21.5,2
17.485638510536067,78.40710808779488,27,46.5,22
17.439495187572888,78.51501584096322,14,53.0,12
17.267466282649615,78.61436631000828,18,51.0,19
17.56355213110264,78.31244942282959,69,25.5,6
17.50316602833334,78.33044319704176,99,10.5,1
17.298576111320536,78.41209262100796,62,29.0,14
17.20474076382071,78.34576455593862,90,15.0,2
17.233699977162942,78.54908739247784,67,26.5,20
17.464038494793023,78.63086416851924,7,56.5,8
17.446669429037126,78.35517621568826,85,17.5,14
17.571780255102766,78.50901894704525,55,32.5,8
17.583173232801954,78.36224233952042,69,25.5,15
17.542895250549872,78.42587939161135,6,57.0,10
17.285616650983844,78.5431006170456,16,52.0,21
17.22048386981496,78.30369397649325,50,35.0,2
17.47743047801229,78.3210080897297,64,28.0,7
17.465252188400004,78.32487592698907,50,35.0,7
17.568069836846323,78.62117977079173,86,17.0,0
17.276190349919013,78.55842543153017,76,22.0,15
17.399916801712052,78.41587585147832,8,56.0,10
17.545008941307493,78.50680727171321,6,57.0,14
17.324028174398094,78.4477043333516,72,24.0,14
17.20118410529379,78.49100285563644,12,54.0,16
17.453231654627267,78.32296405996442,67,26.5,19
17.578419379078717,78.42176970393098,32,44.0,16
17.485557219440746,78.5363366714896,6,57.0,20
17.350253703802835,78.52729527393984,17,51.5,0
17.582275939799572,78.3421781635559,44,38.0,21
17.52867230573004,78.6213100595358,68,26.0,1
17.313756656487524,78.64058919443427,93,13.5,23
17.334146660059265,78.42263908274884,69,25.5,10
17.276363893214327,78.32783623494015,61,29.5,6
17.279217524734175,78.43238241525128,68,26.0,20
17.226454100133186,78.55836270858636,63,28.5,6
17.374454373975794,78.55158650315005,45,37.5,7
17.305226848057558,78.30917015046843,44,38.0,7
17.266116268765032,78.62630145737506,0,60.0,0
17.22880540425803,78.34698579775699,77,21.5,17
17.47509677177719,78.53415901116294,48,36.0,0
17.447515594163978,78.56995950523314,36,42.0,21
17.294852111142976,78.30646490835296,11,54.5,3
17.397133063960045,78.41485081899376,54,33.0,21
17.235842356410775,78.30963524939978,41,39.5,15
17.256205038822902,78.41848578506166,40,40.0,17
17.224450148819493,78.49076115590947,99,10.5,10
17.45175265239192,78.40382802558122,11,54.5,23
17.384172770638337,78.45946167920418,21,49.5,9
17.330178316514107,78.34271692178906,30,45.0,9
17.405474996261344,78.30257489817906,65,27.5,2
17.27717376148704,78.40109386649665,16,52.0,2
17.427795227553705,78.52363719394491,22,49.0,0
17.423908868655975,78.43970908856203,16,52.0,11
17.457167486520778,78.56118225127811,8,56.0,2
17.547772493069147,78.57061958762785,58,31.0,22
17.37395828736022,78.30695471443974,29,45.5,8
17.427423744337037,78.43312551169456,35,42.5,8
17.472286218204005,78.40162018576433,78,21.0,2
17.57010679612819,78.56647639502619,93,13.5,13
17.488832852588562,78.54091271568053,40,40.0,7
17.499723947183398,78.62386912299387,3,58.5,7
17.2152938024368,78.3075736953939,14,53.0,16
17.58019008833841,78.34370594520918,82,19.0,5
17.26244636053705,78.47897441352374,73,23.5,12
17.262522432778304,78.59009342576033,2,59.0,2
17.333962720654522,78.36702733997612,96,12.0,16
17.27173012997123,78.55070735604251,78,21.0,5
17.295932247746826,78.4765760160842,77,21.5,4
17.35838345072373,78.38869590616686,80,20.0,1
17.482466137785273,78.51756461215665,8,56.0,7
17.358931904924702,78.32924861085932,79,20.5,21
17.475997916448136,78.60017050860716,26,47.0,14
17.526003827455717,78.34849709529885,98,11.0,11
17.44520943390879,78.4223192011398,84,18.0,15
17.458293385935036,78.32106454390046,72,24.0,9
17.380584865755893,78.36719102534057,28,46.0,20
17.35474627056711,78.37519539570826,89,15.5,16
17.54970841866091,78.40188771055945,62,29.0,7
17.58836379944389,78.36199848004549,83,18.5,2
17.448149858461914,78.36846828933426,24,48.0,12
17.54010211561932,78.455929657304,23,48.5,7
17.34004005077195,78.4355694700697,88,16.0,6
17.464446270061504,78.64762570951018,84,18.0,17
17.36753416328806,78.357271795238,56,32.0,22
17.404198085672075,78.48875034140656,60,30.0,7
17.29902884329054,78.33360949844645,80,20.0,11
17.206480436601396,78.44967169376126,10,55.0,0
17.267391169505327,78.5706860299793,45,37.5,3
17.23553410262612,78.36055587534364,87,16.5,7
17.339803445382376,78.35298230021172,94,13.0,20
17.583201933707503,78.41517280454023,33,43.5,13
17.289270181659138,78.5588992446698,99,10.5,10
17.293338906475253,78.63784971592227,35,42.5,2
17.597352776322627,78.47911278347541,88,16.0,19
17.305305235238492,78.49562033515753,24,48.0,6
17.520780127282936,78.50989724833093,47,36.5,21
17.557705412068373,78.41730050325862,3,58.5,18
17.58504130674516,78.38101528346792,82,19.0,9
17.26545637696622,78.30405866283041,90,15.0,6
17.476472668085876,78.46928015984311,85,17.5,21
17.553249862104778,78.36327503541608,57,31.5,0
17.241048797959618,78.40067413233778,87,16.5,20
17.372051448118555,78.46478002510253,59,30.5,10
17.543728293314217,78.4731277771602,37,41.5,22
17.508769049183943,78.52460763565237,26,47.0,22
17.558542329667386,78.46459870542238,40,40.0,11
17.27429015416209,78.5159007573025,7,56.5,16
17.387538682135155,78.47361794596416,51,34.5,17
17.268228236942775,78.55703767199402,39,40.5,8
17.53272169331823,78.35286603321349,86,17.0,0
17.259507500005057,78.55581425179851,15,52.5,11
17.39377280805254,78.5044707962832,13,53.5,17
17.206231497507748,78.60833241875643,37,41.5,7
17.280647160722573,78.36433419175125,7,56.5,17
17.223183608498573,78.3967302967663,8,56.0,21
17.248149612858924,78.64418254559304,5,57.5,18
17.27195329149286,78.50404371304751,5,57.5,10
17.365886370263357,78.59388312788543,33,43.5,7
17.233666785367106,78.5117018891936,91,14.5,5
17.54105991650182,78.44006092051781,41,39.5,5
17.246156067431805,78.3538477808984,33,43.5,11
17.519559124791247,78.50812645483754,42,39.0,11
17.44108846147811,78.34423764282985,94,13.0,14
17.552664549052096,78.38596461058067,14,53.0,10
17.352970292428022,78.64511489065171,40,40.0,20
17.360409131774432,78.48657137330136,3,58.5,5
17.501709124255452,78.44867695596146,37,41.5,20
17.5575360338493,78.43385537711005,100,10.0,23
17.42470871829587,78.31698018942834,82,19.0,15
17.470265812766534,78.34300839758717,23,48.5,16
17.243162933709836,78.4431481326929,79,20.5,8
17.529472102972203,78.53394074568433,38,41.0,1
17.57848018941644,78.3754154757101,77,21.5,13
17.59978277578255,78.3962245131691,21,49.5,18
17.348635454425384,78.64297435562632,47,36.5,21
17.50478732655843,78.47817315862048,57,31.5,2
17.26555248401026,78.61447372863948,29,45.5,17
17.271793656766036,78.45302149520083,11,54.5,8
17.204188234648953,78.54855868388731,86,17.0,17
17.315522825540498,78.62407624709685,95,12.5,0
17.485690330721035,78.48053192051253,91,14.5,21
17.37062130980335,78.52741627559558,76,22.0,0
17.483247291575626,78.45600713702427,8,56.0,13
17.57400140252913,78.43728299681467,57,31.5,15
17.265547690741275,78.61791024720549,23,48.5,12
17.453393793374772,78.43429843462029,91,14.5,3
17.313393285540464,78.31572848063296,27,46.5,4
17.20880324710995,78.47708057376353,80,20.0,22
17.365736895162193,78.41869946425804,10,55.0,8
17.312675449502148,78.31311198184007,12,54.0,15
17.390289507270715,78.30791902312959,42,39.0,10
17.52347177621763,78.34743521643937,14,53.0,16
17.41275363979674,78.63221134818141,33,43.5,15
17.580231680635613,78.30489254546887,52,34.0,22
17.5919341613797,78.5873527673237,69,25.5,11
17.355228297679417,78.4651994141369,25,47.5,20
17.396508789753938,78.62510249504096,46,37.0,11
17.51190885999138,78.58848781329623,65,27.5,2
17.461441280295844,78.64970113893973,63,28.5,6
17.273554524025354,78.57059905384685,43,38.5,20
17.57668130133642,78.35936119094939,2,59.0,20
17.583453230388464,78.62691951048198,74,23.0,16
17.59955394812954,78.41185119359042,46,37.0,21
17.56674627173286,78.43621472608358,30,45.0,22
17.52845052710091,78.60638213985929,77,21.5,1
17.427272961195364,78.45944428813198,78,21.0,12
17.57719774130425,78.32733041646733,0,60.0,10
17.360529109098135,78.63002555152822,46,37.0,15
17.53292074017274,78.54745370721211,32,44.0,15
17.59439794418737,78.60289122502472,13,53.5,1
17.236037789079337,78.60946595903303,52,34.0,6
17.251017492216043,78.58014663240719,72,24.0,12
17.55250739780976,78.62813070332567,29,45.5,18
17.310103876482238,78.48621321349529,48,36.0,17
17.353180041875923,78.51729020089493,87,16.5,4
17.260838984260655,78.4099584142855,68,26.0,18
17.467215716760197,78.47875681085013,27,46.5,5
17.513380680083333,78.54671969142304,56,32.0,18
17.49039879109671,78.32567467152626,4,58.0,7
17.353459629804647,78.42843398876266,47,36.5,22
17.546349482798302,78.36959883907419,55,32.5,17
17.28501949892571,78.34358345602631,66,27.0,13
17.596286128181426,78.62979553646096,19,50.5,22
17.27835792396634,78.56926015611056,32,44.0,11
17.29023290684315,78.38744246285066,52,34.0,10
17.249986924176238,78.51898034761442,58,31.0,11
17.2087506842246,78.32286576899946,81,19.5,13
17.494687589156836,78.49648762442618,70,25.0,21
17.32154540723118,78.58503546358658,15,52.5,5
17.236365621414347,78.33347480456072,57,31.5,4
17.4574263057556,78.51530368124695,30,45.0,16
17.45244582470947,78.46314377872274,41,39.5,21
17.26341152460619,78.37946274300946,97,11.5,10
17.37555176227764,78.56563522951996,19,50.5,2
17.414040171063935,78.36666740157831,24,48.0,13
17.584008480009274,78.38624539363295,57,31.5,11
17.48311170786788,78.5793527551644,74,23.0,3
17.43057512424466,78.53902115271167,29,45.5,12
17.284012902207234,78.55007619057874,94,13.0,4
17.29255549882376,78.41768489958332,13,53.5,18
17.2331264143458,78.54353241307105,27,46.5,0
17.39382576363025,78.34322710138814,85,17.5,5
17.262524417633866,78.52650802169471,61,29.5,6
17.56625511900752,78.46360572207453,23,48.5,2
17.242323523162458,78.39017606151906,31,44.5,6
17.557298977986786,78.49668690402201,52,34.0,4
17.54676877661166,78.64878396734991,36,42.0,16
17.513345736261396,78.62080587056325,61,29.5,9
17.35213294700264,78.4470910563148,33,43.5,17
17.527806998879264,78.43453250150145,76,22.0,0
17.484102101947606,78.387275681844,5,57.5,1
17.362526259934388,78.48676675371696,19,50.5,11
17.289752518145633,78.45776119334906,85,17.5,0
17.22270865391416,78.55879907049534,84,18.0,23
17.24430194327082,78.35000699710989,43,38.5,7
17.333413477794203,78.63057418072829,80,20.0,18
17.39291726637119,78.43433937185016,93,13.5,14
17.35025798875106,78.42276324956161,84,18.0,2
17.489373030001037,78.31787597521716,8,56.0,6
17.46213393451019,78.44585036676162,40,40.0,7
17.479659624140155,78.34539652665192,96,12.0,22
17.24938079462119,78.42696712945474,61,29.5,2
17.274843086494137,78.40171432672706,2,59.0,14
17.513402178562114,78.51249401525065,47,36.5,5
17.553647038413697,78.30247201174573,33,43.5,12
17.312104925702734,78.30960029916557,79,20.5,18
17.201901652568164,78.54836142326035,33,43.5,16
17.431615479400808,78.59707876866521,23,48.5,3
17.340230110800068,78.62905083626812,87,16.5,3
17.37741831608182,78.3000716585139,66,27.0,19
17.205266993419453,78.30741428352745,17,51.5,20
17.52840684690243,78.48950587295177,0,60.0,11
17.42999888149945,78.45585271744586,91,14.5,8
17.55667550034728,78.47493565370522,68,26.0,9
17.32417749520519,78.43471398920798,91,14.5,10
17.598746386076428,78.55486993434307,54,33.0,11
17.372531776071924,78.39638079305497,41,39.5,10
17.38617544643486,78.53334460125657,71,24.5,19
17.213287049722645,78.44307093228034,32,44.0,8
17.46621644540932,78.4221037009035,32,44.0,12
17.474894772393153,78.62142947673713,29,45.5,8
17.29279103764715,78.63063069407305,61,29.5,6
17.466958515266143,78.5118184582599,7,56.5,23
17.210325889530154,78.37835625813202,62,29.0,15
17.45973808370333,78.63584135861183,39,40.5,0
17.43542730097343,78.34018846933755,48,36.0,12
17.477698714631945,78.32778753793502,39,40.5,2
17.546510801237165,78.49750393974506,82,19.0,15
17.245541838926474,78.62221032174735,40,40.0,10
17.34060347604619,78.3550497906266,73,23.5,8
17.209648141417198,78.41739904651331,24,48.0,17
17.49687925040284,78.31324041229374,64,28.0,3
17.48650921056375,78.53402904147775,89,15.5,2
17.400383661937184,78.4871376156393,37,41.5,7
17.57337699702142,78.35446889479388,92,14.0,17
17.381348106596285,78.42089273450128,87,16.5,5
17.468650503911356,78.55754389654369,96,12.0,0
17.434479721968284,78.46943724278903,100,10.0,14
17.233039583868376,78.51184885844494,35,42.5,18
17.567730123222685,78.6302687677718,38,41.0,8
17.474783539673695,78.45567772336952,41,39.5,22
17.510007109311744,78.62709872659522,47,36.5,8
17.20241254695642,78.61028827407284,66,27.0,7
17.47516779098503,78.5456831554284,66,27.0,3
17.38321247796696,78.54806009623574,5,57.5,1
17.307765641143842,78.55372292562778,67,26.5,10
17.365403476275684,78.42528210238069,75,22.5,7
17.479690925780645,78.35935803368069,44,38.0,13
17.26789608044533,78.42025805386062,23,48.5,2
17.350958035166563,78.41134254990124,33,43.5,2
17.376313448372702,78.59887001925881,51,34.5,20
17.56206155970989,78.498986435483,89,15.5,19
17.22794094084955,78.46566758249084,62,29.0,7
17.484435740833888,78.41650500588662,91,14.5,10
17.3266364329877,78.3786505137179,12,54.0,16
17.376383944007593,78.34425316441533,31,44.5,10
17.46644779126015,78.41188131503698,87,16.5,16
17.25016498845482,78.57787434761318,7,56.5,14
17.45818006445228,78.48090266788701,69,25.5,0
17.26562825982064,78.31000060548236,48,36.0,12
17.377868885435827,78.37140525965893,40,40.0,6
17.260836502186457,78.48175763497109,43,38.5,9
17.465929011479957,78.36054552351617,74,23.0,2
