id,city,parking_name,latitude,longitude,area,capacity,available_spaces,occupancy_percentage,parking_type,fee_per_hour,safety_score,lighting_score,cctv_score,security_guard,walking_distance_m,ev_charging,accessible_parking,status,last_updated
665de838-e7e2-4e31-b293-ddcae12bb805,bengaluru,Malleshwaram Public Parking,13.066407,77.587805,Malleshwaram,69,48,29.51,Underground,60,2.6,4.6,4.3,False,786,False,True,Active,2026-07-31T19:24:42.969078+00:00
676fe9f4-2aa4-4a6a-8c18-d032e8ad9f47,bengaluru,Marathahalli Smart Parking,13.047996,77.72549,Marathahalli,126,52,58.16,Underground,50,3.3,3.3,9.7,False,770,True,True,Active,2026-07-31T19:24:42.969116+00:00
d87573c7-7548-40ed-8e5f-9f8f57aa7df5,bengaluru,HSR Layout Smart Parking,12.807781,77.693479,HSR Layout,94,28,69.81,Underground,20,5.2,8.3,3.4,True,613,True,True,Active,2026-07-31T19:24:42.969135+00:00
fc4b12e1-c273-4890-87d2-b153eaef942d,bengaluru,Hebbal Public Parking,12.963586,77.513475,Hebbal,162,10,93.82,Open Lot,30,2.0,4.2,4.0,False,478,True,True,Active,2026-07-31T19:24:42.969151+00:00
e66a51f7-93a9-4429-8570-4b107f044611,bengaluru,Marathahalli Transit Parking,13.057566,77.723068,Marathahalli,355,121,65.67,Open Lot,20,3.4,6.4,4.3,False,98,False,False,Active,2026-07-31T19:24:42.969164+00:00
9c02a99e-33d7-4f0a-8fdb-77860336a8d1,bengaluru,Malleshwaram Public Parking,12.886324,77.524857,Malleshwaram,195,30,84.56,Open Lot,60,5.3,8.0,7.6,False,501,False,True,Active,2026-07-31T19:24:42.969176+00:00
a11812e0-e43e-4495-9971-b5df783de169,bengaluru,Yelahanka Transit Parking,12.822074,77.636837,Yelahanka,190,73,61.44,Open Lot,20,4.9,3.1,8.6,True,439,True,False,Active,2026-07-31T19:24:42.969191+00:00
3db2561a-a509-4c69-985b-f2ef888d8823,bengaluru,Bellandur Parking Zone,12.825734,77.755435,Bellandur,466,255,45.07,Underground,50,6.2,9.9,3.5,True,131,False,True,Active,2026-07-31T19:24:42.969203+00:00
758c713b-9355-4ce9-a88c-ed9da688bd55,bengaluru,Banashankari Parking Zone,12.950047,77.517637,Banashankari,145,90,37.73,Underground,40,5.5,3.0,7.7,True,477,True,True,Active,2026-07-31T19:24:42.969214+00:00
fa3cc521-93e7-4af9-9d43-2bff2fcf1714,bengaluru,Banashankari Transit Parking,13.096733,77.592381,Banashankari,402,169,57.81,Underground,30,7.3,8.1,7.4,True,786,True,True,Active,2026-07-31T19:24:42.969225+00:00
beb5f37c-920c-412d-aa38-27b24910e2fb,bengaluru,Whitefield Smart Parking,13.010691,77.527293,Whitefield,147,31,78.58,Street,20,7.8,8.8,8.7,True,756,False,True,Active,2026-07-31T19:24:42.969236+00:00
3ffdc839-8c3b-46e1-a552-391bcd7e8e76,bengaluru,Bellandur Smart Parking,13.020493,77.627625,Bellandur,374,266,28.73,Underground,30,6.4,5.1,8.1,True,523,False,True,Active,2026-07-31T19:24:42.969249+00:00
3b854c78-ab36-4b9d-9ca7-5a7a0627219b,bengaluru,Rajajinagar Smart Parking,12.815908,77.537558,Rajajinagar,77,25,66.82,Street,50,4.4,4.2,5.5,True,598,False,False,Active,2026-07-31T19:24:42.969260+00:00
8911a4e1-f9e9-4f17-b5a8-f3cc722a608b,bengaluru,Whitefield Transit Parking,12.92302,77.560004,Whitefield,422,40,90.45,Street,40,3.3,3.2,4.0,True,740,False,True,Active,2026-07-31T19:24:42.969270+00:00
2c25ae5d-04ed-4bff-8a51-df81c0b69df3,bengaluru,Brigade Road Parking Zone,12.910867,77.797495,Brigade Road,90,50,44.12,Open Lot,60,5.5,4.7,7.6,True,161,True,True,Active,2026-07-31T19:24:42.969283+00:00
6c5951cc-8c1c-4e8e-b0e8-5b6a455569f1,bengaluru,Malleshwaram Transit Parking,13.039506,77.53925,Malleshwaram,310,150,51.61,Mall Parking,40,2.6,4.5,4.8,False,269,False,True,Active,2026-07-31T19:24:42.969294+00:00
31578d47-5c58-4fa4-b62b-ebf8ee633def,bengaluru,Rajajinagar Transit Parking,13.082526,77.672874,Rajajinagar,441,148,66.29,Open Lot,40,7.9,8.1,8.9,True,145,False,False,Active,2026-07-31T19:24:42.969305+00:00
fc2ab647-cb66-4168-970b-10a7aa00c74b,bengaluru,HSR Layout Smart Parking,12.993234,77.593073,HSR Layout,479,47,90.1,Mall Parking,20,6.4,5.5,6.7,True,629,True,True,Active,2026-07-31T19:24:42.969316+00:00
18ed478f-5a79-4f5b-a1ad-3dc2836cbca1,bengaluru,Rajajinagar Public Parking,12.917151,77.666197,Rajajinagar,234,13,94.18,Multi-level,50,4.4,6.0,6.9,False,444,False,True,Active,2026-07-31T19:24:42.969327+00:00
bdea5aff-b852-45a9-9761-6aa503cbff90,bengaluru,HSR Layout Smart Parking,12.872815,77.578591,HSR Layout,400,220,44.97,Underground,50,6.0,9.5,8.3,False,73,False,True,Active,2026-07-31T19:24:42.969338+00:00
7da07184-c785-4651-a5db-ac9172cbe8f5,bengaluru,Electronic City Parking Zone,12.98127,77.6587,Electronic City,420,220,47.45,Underground,60,6.0,5.0,6.3,True,400,True,True,Active,2026-07-31T19:24:42.969349+00:00
030dfe35-52db-4c33-9f5a-93a4d456e0fe,bengaluru,Whitefield Public Parking,12.81977,77.728578,Whitefield,158,102,35.42,Mall Parking,40,4.3,9.5,5.1,False,145,True,True,Active,2026-07-31T19:24:42.969360+00:00
691b691d-2ad8-4c7d-a2f4-048413992505,bengaluru,Rajajinagar Smart Parking,12.866078,77.601815,Rajajinagar,186,40,78.03,Street,60,6.4,9.1,5.9,True,87,False,True,Active,2026-07-31T19:24:42.969371+00:00
899712d0-a0cf-4174-8ffd-9917a5a49359,bengaluru,Hebbal Transit Parking,12.850552,77.780216,Hebbal,190,135,28.48,Mall Parking,30,6.6,9.3,6.3,True,418,False,True,Active,2026-07-31T19:24:42.969381+00:00
4ca742cd-8dd9-46b4-9fa0-22ec4a5ad67a,bengaluru,Jayanagar Public Parking,12.850691,77.719825,Jayanagar,55,29,45.65,Underground,40,4.2,3.4,5.4,True,603,False,False,Active,2026-07-31T19:24:42.969393+00:00
c039b1a2-e5c0-4f7b-b9a8-ce70a8d073c3,bengaluru,Hebbal Smart Parking,13.026793,77.573505,Hebbal,135,33,75.25,Open Lot,60,5.9,5.4,6.0,True,379,False,True,Active,2026-07-31T19:24:42.969405+00:00
d3a6c4c5-0d95-4a5c-9da7-3883d7784a19,bengaluru,HSR Layout Public Parking,13.023692,77.599834,HSR Layout,83,4,94.25,Multi-level,30,6.0,5.1,8.8,True,607,True,True,Active,2026-07-31T19:24:42.969417+00:00
ef5cf56c-911a-4e63-99bb-6ac66ea5e07d,bengaluru,Jayanagar Public Parking,12.845129,77.560809,Jayanagar,441,164,62.76,Multi-level,50,4.2,3.2,9.1,False,57,True,False,Active,2026-07-31T19:24:42.969428+00:00
4715d8c9-0091-46e8-a543-b5c0d6688a3b,bengaluru,Marathahalli Public Parking,13.068603,77.562511,Marathahalli,167,71,57.43,Mall Parking,40,2.2,5.0,5.4,False,340,True,False,Active,2026-07-31T19:24:42.969440+00:00
17402834-3936-4106-9718-484f4b339abb,bengaluru,MG Road Transit Parking,13.022272,77.521764,MG Road,417,206,50.46,Multi-level,40,4.5,8.8,5.0,False,637,True,True,Active,2026-07-31T19:24:42.969450+00:00
12cc4bfa-1b74-4f62-8b78-ff762bc705a7,bengaluru,Brigade Road Transit Parking,13.034692,77.688735,Brigade Road,292,38,86.95,Open Lot,20,3.3,3.5,7.4,False,212,True,True,Active,2026-07-31T19:24:42.969461+00:00
cb5a25ff-25cf-4951-ac0f-0799e0ee2152,bengaluru,Bellandur Public Parking,12.991688,77.781209,Bellandur,188,72,61.67,Multi-level,60,5.8,6.6,5.6,True,561,True,False,Active,2026-07-31T19:24:42.969473+00:00
f1688f7a-ad37-4a78-9aee-f73c91e7cf27,bengaluru,Yelahanka Parking Zone,13.064443,77.747837,Yelahanka,500,310,37.91,Open Lot,60,3.6,3.1,3.8,True,355,True,True,Active,2026-07-31T19:24:42.969484+00:00
23eae859-c41a-47f5-8dfd-1449018d3160,bengaluru,Marathahalli Smart Parking,13.053655,77.669233,Marathahalli,394,56,85.58,Multi-level,40,7.8,9.9,6.5,True,733,True,False,Active,2026-07-31T19:24:42.969495+00:00
1e3bff59-53fd-48bf-9173-2abab9db11f5,bengaluru,Jayanagar Transit Parking,12.80755,77.598613,Jayanagar,486,328,32.48,Street,20,4.8,8.3,6.5,False,632,False,True,Active,2026-07-31T19:24:42.969507+00:00
e614671d-4905-42fa-9db2-890546e3339c,bengaluru,Whitefield Smart Parking,12.883842,77.71747,Whitefield,357,186,47.63,Underground,40,4.0,4.5,9.0,False,105,False,True,Active,2026-07-31T19:24:42.969519+00:00
0b1a7067-1183-47ff-96e7-227252380fa9,bengaluru,Koramangala Parking Zone,13.046088,77.609953,Koramangala,444,272,38.53,Street,30,4.7,3.8,6.2,True,95,False,False,Active,2026-07-31T19:24:42.969531+00:00
d61b1332-c5d2-4967-8729-099b8a95d9f6,bengaluru,Yelahanka Transit Parking,12.812669,77.631515,Yelahanka,316,214,32.21,Street,50,6.5,7.8,6.7,True,353,False,True,Active,2026-07-31T19:24:42.969541+00:00
9f489472-31a8-49f1-a565-3c748f64c990,bengaluru,Brigade Road Public Parking,12.915841,77.796741,Brigade Road,202,144,28.45,Mall Parking,20,5.1,5.1,6.2,True,779,False,True,Active,2026-07-31T19:24:42.969552+00:00
b38504fa-ba2d-412f-8bbb-99851eba36b8,bengaluru,MG Road Transit Parking,13.030119,77.67873,MG Road,400,332,16.87,Open Lot,50,6.8,9.0,6.4,True,705,False,True,Active,2026-07-31T19:24:42.969563+00:00
5d7d1405-67e4-4beb-9eed-b6964e0dac24,bengaluru,Indiranagar Public Parking,12.839922,77.637141,Indiranagar,364,50,86.17,Mall Parking,40,5.2,6.9,3.8,True,711,False,False,Active,2026-07-31T19:24:42.969573+00:00
ebcadfc3-9022-4c04-b969-f6d0b0ea5f18,bengaluru,Jayanagar Public Parking,13.045808,77.579742,Jayanagar,183,92,49.44,Mall Parking,20,3.0,3.1,3.9,True,252,False,False,Active,2026-07-31T19:24:42.969585+00:00
48132d40-2abf-4e65-afea-599a83435ea0,bengaluru,Yelahanka Smart Parking,12.830518,77.535243,Yelahanka,63,29,52.91,Open Lot,40,5.3,8.6,5.9,False,136,True,False,Active,2026-07-31T19:24:42.969596+00:00
cb196731-5132-4b2f-be15-24d58676b218,bengaluru,HSR Layout Parking Zone,13.061917,77.696345,HSR Layout,333,186,43.99,Multi-level,60,5.7,6.5,9.3,False,638,True,True,Active,2026-07-31T19:24:42.969609+00:00
0528c147-0e0d-42bb-adbd-a38e830ecf84,bengaluru,Bellandur Transit Parking,13.039076,77.707513,Bellandur,345,60,82.34,Street,60,5.9,9.0,4.4,True,231,True,False,Active,2026-07-31T19:24:42.969620+00:00
9259c2bd-4ee1-4c6a-a611-5a5077c83d63,bengaluru,MG Road Transit Parking,12.911299,77.739773,MG Road,494,360,26.93,Mall Parking,60,2.9,3.3,6.1,False,407,True,True,Active,2026-07-31T19:24:42.969631+00:00
fd706faa-5b67-465c-8851-5ba8f4ed9ed6,bengaluru,HSR Layout Parking Zone,13.03086,77.587023,HSR Layout,317,23,92.69,Multi-level,30,3.8,5.4,7.0,False,326,False,False,Active,2026-07-31T19:24:42.969642+00:00
ccb65fc0-0508-4a1d-90c4-fd4d3f4cd558,bengaluru,Jayanagar Smart Parking,12.809834,77.580445,Jayanagar,131,29,77.57,Multi-level,50,7.3,9.3,6.2,True,697,False,False,Active,2026-07-31T19:24:42.969652+00:00
db98cec7-bb12-4a94-b08e-608aadfd9695,bengaluru,Marathahalli Public Parking,12.96625,77.527625,Marathahalli,195,70,63.68,Open Lot,40,3.3,9.5,3.3,False,745,True,True,Active,2026-07-31T19:24:42.969663+00:00
04c75f58-6fda-42f9-8565-a08d122a15f3,bengaluru,Rajajinagar Transit Parking,12.874397,77.745542,Rajajinagar,225,34,84.78,Underground,50,5.8,4.8,8.5,True,268,True,False,Active,2026-07-31T19:24:42.969673+00:00
95335251-f208-4ec2-8bb5-bdf1c47fcbf5,bengaluru,Koramangala Public Parking,12.807993,77.708191,Koramangala,120,90,24.34,Mall Parking,60,5.1,7.2,4.8,True,718,True,True,Active,2026-07-31T19:24:42.969684+00:00
0c8fb626-2e9a-423a-89dd-a6ead756d049,bengaluru,MG Road Parking Zone,12.891816,77.567333,MG Road,470,227,51.68,Street,30,5.7,6.0,5.8,True,582,True,True,Active,2026-07-31T19:24:42.969698+00:00
2fa17e93-01fc-4aa9-90d7-3e19ee470bbe,bengaluru,Brigade Road Smart Parking,13.097039,77.65498,Brigade Road,203,54,73.2,Multi-level,40,4.8,4.1,7.9,True,431,True,False,Active,2026-07-31T19:24:42.969709+00:00
a3bd9e9a-bbb0-45dc-b0ad-c612af003e48,bengaluru,Koramangala Transit Parking,13.066616,77.740615,Koramangala,236,176,25.31,Multi-level,40,7.0,8.5,5.2,True,102,True,True,Active,2026-07-31T19:24:42.969721+00:00
91def8a1-35e1-42a6-88b9-460c80ff701e,bengaluru,HSR Layout Public Parking,12.852259,77.658847,HSR Layout,185,44,76.08,Street,40,3.8,8.4,5.0,False,459,True,True,Active,2026-07-31T19:24:42.969733+00:00
aee5e9c4-18c8-45de-a296-f33e8e261a1f,bengaluru,Yelahanka Public Parking,13.032178,77.679896,Yelahanka,304,236,22.13,Underground,50,4.3,4.3,8.0,False,180,False,True,Active,2026-07-31T19:24:42.969744+00:00
0c56ef40-fe50-41dd-85c4-a170ee126c1a,bengaluru,HSR Layout Public Parking,12.930337,77.755461,HSR Layout,426,263,38.24,Underground,30,3.9,9.0,3.8,False,733,True,False,Active,2026-07-31T19:24:42.969755+00:00
d0f0fb41-af0b-47ba-921b-8319110a1958,bengaluru,Banashankari Public Parking,12.991228,77.597345,Banashankari,201,26,86.92,Open Lot,50,4.4,5.7,7.4,False,164,False,True,Active,2026-07-31T19:24:42.969766+00:00
06e78736-4681-4871-bf46-f6f9b5d14aaf,bengaluru,Electronic City Parking Zone,13.053822,77.636351,Electronic City,139,112,18.93,Underground,30,5.7,7.7,4.0,True,295,False,True,Active,2026-07-31T19:24:42.969787+00:00
d9956961-7cad-44f7-8786-3f58b890565b,bengaluru,HSR Layout Parking Zone,13.070026,77.716078,HSR Layout,410,170,58.4,Open Lot,60,3.1,5.0,4.5,False,70,False,True,Active,2026-07-31T19:24:42.969800+00:00
fe60171c-0ff8-489c-b109-04848ad4f153,bengaluru,Whitefield Parking Zone,12.947653,77.779425,Whitefield,127,81,35.66,Street,60,5.5,5.8,6.1,True,146,True,False,Active,2026-07-31T19:24:42.969810+00:00
2c386c02-71cf-4063-880c-0def5de2eb87,bengaluru,Indiranagar Parking Zone,12.887023,77.681647,Indiranagar,417,76,81.58,Street,20,6.7,9.4,6.1,True,475,False,False,Active,2026-07-31T19:24:42.969822+00:00
c363d170-484e-4b16-84d3-e3a58fd48591,bengaluru,Whitefield Parking Zone,12.908661,77.69213,Whitefield,497,45,90.75,Street,50,6.5,4.5,9.6,True,654,True,True,Active,2026-07-31T19:24:42.969833+00:00
3ac4345e-1d5a-4a87-a473-c632301bd1ac,bengaluru,Marathahalli Transit Parking,12.922284,77.686589,Marathahalli,490,307,37.16,Multi-level,40,2.9,8.3,3.6,False,761,False,False,Active,2026-07-31T19:24:42.969846+00:00
27363fe0-872f-42bf-9b9a-691ab9214189,bengaluru,Banashankari Parking Zone,12.94629,77.62848,Banashankari,71,37,46.86,Street,30,3.7,4.5,8.0,False,751,False,False,Active,2026-07-31T19:24:42.969857+00:00
26b8e63f-dfba-4404-a5de-93afe59b485a,bengaluru,Marathahalli Public Parking,12.925179,77.767092,Marathahalli,287,41,85.66,Open Lot,20,5.7,4.9,8.3,True,350,True,True,Active,2026-07-31T19:24:42.969869+00:00
2db355cf-56ec-404e-a40e-1f51415f42e3,bengaluru,Brigade Road Smart Parking,12.940938,77.530481,Brigade Road,461,24,94.71,Open Lot,30,7.3,7.3,7.6,True,728,False,False,Active,2026-07-31T19:24:42.969880+00:00
ec12d937-b612-4e7f-aad7-f0a0cfa67b76,bengaluru,Rajajinagar Transit Parking,13.079333,77.789727,Rajajinagar,213,99,53.23,Multi-level,30,7.3,6.5,9.1,True,226,False,True,Active,2026-07-31T19:24:42.969890+00:00
170c5921-b582-41d2-91e0-6afbdd316b04,bengaluru,Koramangala Parking Zone,12.981353,77.560113,Koramangala,442,180,59.24,Multi-level,20,3.3,3.6,3.1,True,392,True,True,Active,2026-07-31T19:24:42.969901+00:00
d7f77c83-69f9-4c34-891e-cf78ae779fbb,bengaluru,HSR Layout Parking Zone,12.977362,77.562567,HSR Layout,427,122,71.25,Street,60,4.2,8.6,6.8,False,110,False,False,Active,2026-07-31T19:24:42.969912+00:00
9a12dfef-7cf6-490a-9ab4-ba9e93bea358,bengaluru,Marathahalli Parking Zone,12.878225,77.708076,Marathahalli,460,283,38.44,Multi-level,50,3.8,6.0,6.9,False,326,True,False,Active,2026-07-31T19:24:42.969924+00:00
19ed80a3-ef3b-4db6-b0b1-86cfda9d2b0f,bengaluru,Whitefield Smart Parking,12.807883,77.667793,Whitefield,176,61,65.03,Multi-level,50,4.2,7.3,6.1,False,421,True,True,Active,2026-07-31T19:24:42.969937+00:00
21d05462-96e0-4416-aa8a-390927d106ff,bengaluru,Bellandur Transit Parking,12.877886,77.743341,Bellandur,169,10,93.55,Open Lot,20,3.7,4.8,8.5,False,592,False,True,Active,2026-07-31T19:24:42.969948+00:00
a75eafef-8dde-44ad-bd1a-c85716776f64,bengaluru,Koramangala Parking Zone,13.004875,77.718284,Koramangala,128,79,37.56,Mall Parking,60,5.2,5.1,5.8,True,787,True,True,Active,2026-07-31T19:24:42.969961+00:00
77d09dcc-2165-4010-b2f5-94012e9a8ff8,bengaluru,Electronic City Transit Parking,12.910863,77.649201,Electronic City,437,318,27.03,Street,20,2.9,3.3,7.7,False,521,False,False,Active,2026-07-31T19:24:42.969972+00:00
3d926632-59f0-4069-a9d7-2c76c5dd460f,bengaluru,Brigade Road Smart Parking,13.05483,77.617172,Brigade Road,51,9,81.44,Open Lot,60,3.9,6.7,6.6,False,793,True,False,Active,2026-07-31T19:24:42.970015+00:00
264bf861-544f-49ce-bc88-7d23259d9d39,bengaluru,Koramangala Smart Parking,13.027275,77.518405,Koramangala,345,20,93.95,Open Lot,30,3.4,3.3,4.9,True,358,False,False,Active,2026-07-31T19:24:42.970028+00:00
b97d526b-ecfa-4875-a918-f7a3833c473b,bengaluru,MG Road Public Parking,12.900143,77.516569,MG Road,253,219,13.15,Open Lot,40,6.4,6.8,7.8,True,172,False,False,Active,2026-07-31T19:24:42.970040+00:00
07f93aef-cf40-430c-83e3-4fd1a755a3ef,bengaluru,Malleshwaram Parking Zone,13.015536,77.705907,Malleshwaram,158,27,82.81,Street,40,3.5,6.7,7.1,False,129,True,False,Active,2026-07-31T19:24:42.970051+00:00
f5a81884-3755-4053-b271-d213d825616d,bengaluru,Marathahalli Smart Parking,12.834965,77.741806,Marathahalli,209,144,31.0,Multi-level,60,2.7,5.3,6.2,False,297,False,True,Active,2026-07-31T19:24:42.970063+00:00
6ed43937-b875-42f5-bf49-882a83c7848f,bengaluru,Koramangala Smart Parking,12.837292,77.757396,Koramangala,461,287,37.54,Underground,20,8.1,7.6,9.7,True,391,False,True,Active,2026-07-31T19:24:42.970074+00:00
ddd5788f-4641-49bc-ac64-b46ef1f34f0e,bengaluru,Malleshwaram Transit Parking,12.959447,77.770502,Malleshwaram,452,337,25.36,Multi-level,30,4.6,5.2,3.5,True,464,False,False,Active,2026-07-31T19:24:42.970089+00:00
0bf3ea0a-d21a-4a7a-9461-e6d03d17589f,bengaluru,Rajajinagar Smart Parking,13.056142,77.635145,Rajajinagar,412,236,42.64,Open Lot,40,2.3,4.7,3.1,False,458,True,True,Active,2026-07-31T19:24:42.970100+00:00
229592f1-8276-4fc9-88a9-e746b17914be,bengaluru,Rajajinagar Transit Parking,12.868101,77.735931,Rajajinagar,229,203,11.24,Underground,40,1.7,4.3,3.4,False,651,True,True,Active,2026-07-31T19:24:42.970111+00:00
e829dd33-c3d9-4780-b044-5cc8ce47d9e1,bengaluru,Banashankari Transit Parking,12.804765,77.7741,Banashankari,484,63,86.85,Underground,30,4.1,6.1,3.1,True,252,True,False,Active,2026-07-31T19:24:42.970122+00:00
2a162410-108d-4619-82f4-57e2ad9238e4,bengaluru,Whitefield Parking Zone,12.848396,77.57418,Whitefield,136,63,53.29,Open Lot,60,7.3,9.0,6.8,True,341,True,False,Active,2026-07-31T19:24:42.970134+00:00
423943bb-7c4e-4bc4-9249-25903467233c,bengaluru,Malleshwaram Parking Zone,12.836149,77.508582,Malleshwaram,335,277,17.03,Multi-level,40,5.7,4.9,9.2,True,606,True,True,Active,2026-07-31T19:24:42.970147+00:00
aa7f3150-9b5b-4721-9288-cfaa21c78f36,bengaluru,Yelahanka Smart Parking,12.933531,77.513528,Yelahanka,236,55,76.33,Mall Parking,30,6.3,7.4,6.5,True,585,False,True,Active,2026-07-31T19:24:42.970159+00:00
56289877-98da-406b-9b4c-b2a8e346f7d2,bengaluru,Koramangala Transit Parking,12.948642,77.662128,Koramangala,80,43,46.13,Street,40,6.9,9.0,6.1,True,165,False,False,Active,2026-07-31T19:24:42.970173+00:00
cfb64307-3e28-4ba8-804b-1019c9d8c6c8,bengaluru,Indiranagar Parking Zone,12.953882,77.614299,Indiranagar,161,139,13.58,Open Lot,40,6.7,5.7,7.7,True,497,True,False,Active,2026-07-31T19:24:42.970184+00:00
b61f8bae-9dc6-4fd9-a0ca-bfb693bbfd45,bengaluru,Bellandur Parking Zone,12.906672,77.744681,Bellandur,210,82,60.54,Mall Parking,20,6.7,7.5,8.7,True,498,True,True,Active,2026-07-31T19:24:42.970196+00:00
ce65b7d7-212b-4e0f-a3e7-9b9b1e33b4dc,bengaluru,Yelahanka Transit Parking,13.097799,77.671051,Yelahanka,219,159,27.37,Mall Parking,40,7.7,7.8,8.2,True,251,False,True,Active,2026-07-31T19:24:42.970210+00:00
85211e9d-e000-436c-817a-1fdc0a388d6c,bengaluru,HSR Layout Public Parking,12.97612,77.700175,HSR Layout,137,79,41.78,Street,50,6.3,8.9,5.9,True,91,False,False,Active,2026-07-31T19:24:42.970222+00:00
63b0cb7b-9eeb-47f8-80a9-bcf9805bb6f1,bengaluru,HSR Layout Transit Parking,12.8656,77.717142,HSR Layout,286,148,48.18,Open Lot,60,3.8,3.6,3.4,True,511,True,False,Active,2026-07-31T19:24:42.970234+00:00
233a3933-8948-49aa-a379-e99db8dd7ca4,bengaluru,Indiranagar Transit Parking,13.079851,77.722242,Indiranagar,57,27,50.98,Street,30,6.7,6.8,7.1,True,779,True,True,Active,2026-07-31T19:24:42.970244+00:00
4a01f413-6bc9-4875-8671-6548443c2040,bengaluru,MG Road Parking Zone,12.913656,77.559381,MG Road,179,32,81.89,Multi-level,40,4.3,5.4,7.6,False,298,False,True,Active,2026-07-31T19:24:42.970255+00:00
3266dc45-c338-46e4-869d-939a60e211c3,bengaluru,Whitefield Public Parking,13.043756,77.721676,Whitefield,283,243,14.12,Street,40,3.2,6.5,3.2,False,603,False,False,Active,2026-07-31T19:24:42.970266+00:00
8a10f44b-b0a8-484b-80b3-7c1febf9478c,bengaluru,MG Road Transit Parking,13.089382,77.728738,MG Road,422,145,65.51,Multi-level,20,3.3,6.7,3.2,False,768,True,True,Active,2026-07-31T19:24:42.970277+00:00
7e207adc-37a7-42c1-8ffb-a36e24dc6e13,bengaluru,MG Road Public Parking,13.080412,77.663061,MG Road,108,74,31.19,Street,20,3.6,5.3,3.2,True,321,False,False,Active,2026-07-31T19:24:42.970288+00:00
b5fbdda3-5d1e-4727-91c4-1f31391dc319,bengaluru,Koramangala Smart Parking,12.955802,77.502392,Koramangala,293,113,61.11,Mall Parking,60,3.6,3.4,8.3,False,516,True,False,Active,2026-07-31T19:24:42.970300+00:00
2b5c381c-39ab-47ce-a7d2-d83811d56717,bengaluru,Koramangala Smart Parking,12.875617,77.653658,Koramangala,95,58,38.66,Mall Parking,50,6.0,8.0,4.0,True,321,True,True,Active,2026-07-31T19:24:42.970312+00:00
aac46d2c-d148-48ba-b5ce-93d30aaab9eb,bengaluru,Koramangala Parking Zone,12.90935,77.762848,Koramangala,380,326,14.05,Open Lot,40,6.7,8.3,7.2,True,676,False,False,Active,2026-07-31T19:24:42.970326+00:00
87326ef8-7901-4491-8fdb-55dc264f128c,bengaluru,Rajajinagar Public Parking,12.840412,77.620598,Rajajinagar,275,36,86.81,Underground,50,7.4,8.6,7.6,True,687,False,False,Active,2026-07-31T19:24:42.970336+00:00
97f05dc1-61c4-450e-8b89-c791bfa3e231,bengaluru,Banashankari Transit Parking,13.069398,77.613176,Banashankari,287,250,12.75,Street,60,4.6,7.6,7.4,False,402,True,True,Active,2026-07-31T19:24:42.970348+00:00
d4e33bb7-718e-410d-ae75-4fe85eb416a7,bengaluru,Hebbal Public Parking,13.096261,77.675801,Hebbal,432,184,57.34,Underground,60,2.8,3.8,6.1,False,380,True,True,Active,2026-07-31T19:24:42.970361+00:00
7ffdb7ab-4549-4d3b-af80-23f256094964,bengaluru,Koramangala Parking Zone,12.948398,77.501772,Koramangala,498,34,93.05,Open Lot,20,7.8,9.6,7.8,True,224,True,False,Active,2026-07-31T19:24:42.970372+00:00
197f6071-9738-4026-96d2-ac054548ae39,bengaluru,Rajajinagar Transit Parking,13.052709,77.540952,Rajajinagar,438,222,49.23,Mall Parking,20,5.4,9.2,5.9,False,724,True,False,Active,2026-07-31T19:24:42.970384+00:00
efbd31b3-19cd-487c-8134-f8e580b720d6,bengaluru,Banashankari Smart Parking,12.886371,77.539699,Banashankari,175,138,20.92,Multi-level,30,5.9,4.9,7.3,True,243,False,True,Active,2026-07-31T19:24:42.970395+00:00
d322e8f3-45b4-4e69-9893-4f5e594f8c48,bengaluru,MG Road Transit Parking,13.070577,77.657005,MG Road,435,145,66.52,Mall Parking,30,4.1,3.4,5.2,True,334,True,False,Active,2026-07-31T19:24:42.970406+00:00
0392d975-01fe-472e-bcd5-0fd76e26a497,bengaluru,Marathahalli Parking Zone,12.942764,77.643622,Marathahalli,462,171,62.89,Street,30,5.1,6.9,8.9,False,781,False,False,Active,2026-07-31T19:24:42.970418+00:00
4cbbe363-4fb6-4406-a61a-c66c13e5f3d2,bengaluru,Hebbal Public Parking,13.070002,77.725775,Hebbal,496,184,62.79,Mall Parking,40,3.9,9.6,4.0,False,408,False,True,Active,2026-07-31T19:24:42.970429+00:00
7c8b8f72-19d7-4e9a-812c-c966e6bd42e2,bengaluru,Whitefield Smart Parking,13.03052,77.688449,Whitefield,336,256,23.51,Street,50,4.7,4.3,6.2,True,780,True,False,Active,2026-07-31T19:24:42.970449+00:00
322f5f18-f9d5-4938-881d-5446968c2e0c,bengaluru,Whitefield Transit Parking,12.944186,77.637936,Whitefield,354,58,83.41,Open Lot,60,4.9,3.9,7.2,True,370,True,True,Active,2026-07-31T19:24:42.970460+00:00
a20f882a-204b-40e2-9aef-275355ee7bd2,bengaluru,Hebbal Parking Zone,13.0774,77.507068,Hebbal,383,86,77.51,Mall Parking,50,5.9,6.0,5.1,True,511,True,True,Active,2026-07-31T19:24:42.970472+00:00
2ac779cd-5fd1-4eed-8c43-78f6026c985c,bengaluru,Rajajinagar Smart Parking,12.888546,77.548006,Rajajinagar,267,209,21.68,Street,20,6.4,9.3,5.4,True,265,True,True,Active,2026-07-31T19:24:42.970483+00:00
05391e2c-7f53-4792-a211-c6c09fac3986,bengaluru,Indiranagar Smart Parking,13.034518,77.606625,Indiranagar,209,111,46.77,Underground,40,5.0,6.4,8.2,False,167,True,True,Active,2026-07-31T19:24:42.970497+00:00
46bf5de2-2754-4b00-9521-39179800c987,bengaluru,Indiranagar Public Parking,12.923194,77.607055,Indiranagar,352,155,55.88,Underground,20,7.8,7.9,8.1,True,354,True,True,Active,2026-07-31T19:24:42.970508+00:00
692a2c96-3643-4ae4-a6e0-95810c67b3ba,bengaluru,Indiranagar Parking Zone,13.02224,77.508409,Indiranagar,161,141,11.98,Street,30,5.3,6.3,8.6,False,464,True,True,Active,2026-07-31T19:24:42.970520+00:00
3777da4c-214c-4903-a684-116578b4f3fb,bengaluru,Jayanagar Parking Zone,12.85446,77.683276,Jayanagar,189,151,19.83,Multi-level,60,4.9,9.0,5.9,False,724,True,False,Active,2026-07-31T19:24:42.970533+00:00
3fd7701d-5d3a-4398-82db-31dab707c569,bengaluru,Brigade Road Smart Parking,12.924515,77.560801,Brigade Road,192,77,59.68,Multi-level,30,7.0,7.9,7.6,True,298,True,True,Active,2026-07-31T19:24:42.970545+00:00
05a939f9-b120-4926-823a-578d7b6ec8b7,bengaluru,Indiranagar Parking Zone,12.842885,77.794178,Indiranagar,232,163,29.49,Mall Parking,60,5.7,3.5,7.3,True,114,True,False,Active,2026-07-31T19:24:42.970558+00:00
0e06fe15-b7b2-46e5-a09f-ac07f4a32d43,bengaluru,MG Road Public Parking,12.970822,77.711265,MG Road,195,80,58.96,Underground,20,5.0,4.7,4.9,True,491,True,True,Active,2026-07-31T19:24:42.970570+00:00
75f89199-d62b-4bc2-b74e-8550602b55b1,bengaluru,Malleshwaram Smart Parking,12.860733,77.576083,Malleshwaram,59,8,86.35,Mall Parking,40,4.2,4.9,4.5,True,440,True,False,Active,2026-07-31T19:24:42.970582+00:00
0bbb2b6e-5a94-4246-a4f3-e4ca04a86f40,bengaluru,Malleshwaram Transit Parking,12.875002,77.700998,Malleshwaram,52,32,37.73,Open Lot,60,3.3,4.0,5.4,False,64,False,True,Active,2026-07-31T19:24:42.970594+00:00
dc7db3fe-6d66-47da-9ca2-2908a6541efd,bengaluru,Marathahalli Smart Parking,12.821856,77.560151,Marathahalli,440,129,70.64,Mall Parking,30,6.4,4.1,9.7,True,308,False,False,Active,2026-07-31T19:24:42.970607+00:00
99d66d96-5afa-47a6-bebb-d3351eed509a,bengaluru,Banashankari Public Parking,13.043775,77.757351,Banashankari,478,297,37.83,Underground,60,2.2,4.2,5.0,False,163,False,False,Active,2026-07-31T19:24:42.970619+00:00
b9e04a66-ccc7-49d5-b956-4fc335463122,bengaluru,Electronic City Transit Parking,13.046895,77.743823,Electronic City,151,35,76.62,Underground,30,4.1,3.3,4.1,True,766,True,False,Active,2026-07-31T19:24:42.970630+00:00
45f5af78-cbb8-49cb-a1dd-a4623f3679d5,bengaluru,HSR Layout Public Parking,12.931847,77.559325,HSR Layout,421,338,19.5,Mall Parking,20,6.7,8.6,7.6,True,185,True,True,Active,2026-07-31T19:24:42.970642+00:00
56035ef1-fc18-42da-9f95-f34fda73af6c,bengaluru,Indiranagar Smart Parking,12.845568,77.721757,Indiranagar,412,256,37.66,Street,20,4.4,3.5,6.6,True,193,True,False,Active,2026-07-31T19:24:42.970654+00:00
fe83f45e-f00c-42e6-95f8-3503ed762860,bengaluru,Yelahanka Public Parking,12.929072,77.590723,Yelahanka,482,87,81.84,Open Lot,60,4.2,7.0,5.1,False,253,False,True,Active,2026-07-31T19:24:42.970666+00:00
3664f870-399d-45a6-a620-0e229132ccfd,bengaluru,Rajajinagar Parking Zone,12.832978,77.766167,Rajajinagar,326,223,31.33,Street,60,6.7,5.8,7.7,True,424,False,True,Active,2026-07-31T19:24:42.970678+00:00
60ba21e7-4afd-4683-a58a-110659b62116,bengaluru,Brigade Road Parking Zone,13.017324,77.741937,Brigade Road,70,57,17.36,Multi-level,20,8.7,9.1,9.0,True,363,True,True,Active,2026-07-31T19:24:42.970691+00:00
2b4f17f5-af7d-4666-9d0f-f339e3c91579,bengaluru,Whitefield Transit Parking,12.881287,77.61774,Whitefield,63,48,22.93,Multi-level,40,6.7,7.6,5.7,True,364,True,True,Active,2026-07-31T19:24:42.970703+00:00
74927bbe-36f3-493e-818d-bd9df072f840,bengaluru,Brigade Road Parking Zone,12.81666,77.77331,Brigade Road,159,94,40.54,Multi-level,20,4.0,5.7,4.1,True,742,False,False,Active,2026-07-31T19:24:42.970715+00:00
e75f0660-481f-47f3-b637-7f9e7199abea,bengaluru,HSR Layout Smart Parking,12.94756,77.505352,HSR Layout,352,204,41.97,Mall Parking,20,7.3,7.2,8.2,True,412,True,True,Active,2026-07-31T19:24:42.970727+00:00
76fb67b2-0736-450a-854f-a4446ee0a2ec,bengaluru,Koramangala Parking Zone,12.836162,77.517769,Koramangala,313,71,77.31,Multi-level,50,5.9,4.7,7.6,True,74,False,True,Active,2026-07-31T19:24:42.970738+00:00
75615d2b-d404-4b4f-8d03-6a3534ead209,bengaluru,Marathahalli Public Parking,12.959174,77.748724,Marathahalli,148,102,30.54,Underground,30,6.4,4.7,9.9,True,412,True,True,Active,2026-07-31T19:24:42.970752+00:00
898587b8-de78-4301-ae16-246055b2f642,bengaluru,Hebbal Smart Parking,13.037409,77.507965,Hebbal,499,59,88.01,Open Lot,20,2.1,6.0,4.1,False,709,True,False,Active,2026-07-31T19:24:42.970763+00:00
9e30ce0c-1351-4d99-98c6-a0125f006e99,bengaluru,Jayanagar Transit Parking,12.898309,77.658055,Jayanagar,213,93,56.0,Open Lot,20,5.0,6.6,4.8,True,505,False,False,Active,2026-07-31T19:24:42.970783+00:00
a83f0610-109f-45c6-a201-28abc34a3d45,bengaluru,Hebbal Transit Parking,12.829609,77.524406,Hebbal,73,58,19.61,Underground,20,6.0,9.5,6.9,False,185,True,True,Active,2026-07-31T19:24:42.970797+00:00
820c830d-aa35-4a10-ac8f-4d081aedd662,bengaluru,MG Road Transit Parking,13.037683,77.668564,MG Road,431,139,67.53,Open Lot,30,4.9,4.9,3.6,True,723,False,True,Active,2026-07-31T19:24:42.970810+00:00
f468a991-7170-4598-b1e1-d0b2af3629c4,bengaluru,Jayanagar Parking Zone,12.858444,77.634191,Jayanagar,127,27,78.24,Street,30,5.3,3.8,9.1,True,422,True,True,Active,2026-07-31T19:24:42.970823+00:00
2c52eb75-641a-4843-8ba0-ec667abc89da,bengaluru,Yelahanka Transit Parking,12.999718,77.513028,Yelahanka,151,93,38.27,Underground,30,5.0,5.4,6.5,True,325,False,False,Active,2026-07-31T19:24:42.970835+00:00
eadd502f-4dcd-4056-9d7b-aa7c8d6019d5,bengaluru,Indiranagar Public Parking,13.061682,77.540001,Indiranagar,127,59,53.31,Open Lot,40,6.6,5.1,9.4,True,664,True,False,Active,2026-07-31T19:24:42.970846+00:00
e2b6ed1d-6a4d-4fd6-bcac-a76a32d11420,bengaluru,Whitefield Smart Parking,13.008891,77.607242,Whitefield,172,128,25.44,Multi-level,40,6.6,7.7,6.2,True,744,False,True,Active,2026-07-31T19:24:42.970858+00:00
1840fe2f-1395-402b-86de-98e9487bd2c2,bengaluru,Bellandur Public Parking,12.890174,77.737049,Bellandur,256,97,61.76,Multi-level,30,5.4,4.2,7.9,True,184,True,False,Active,2026-07-31T19:24:42.970871+00:00
08682b0e-d624-449b-b9f3-cb8b482b2a18,bengaluru,Indiranagar Transit Parking,12.942126,77.603129,Indiranagar,304,146,51.73,Street,20,6.0,8.6,5.0,True,231,False,False,Active,2026-07-31T19:24:42.970883+00:00
9d279f61-c4be-492e-a45b-81c31853f6cc,bengaluru,HSR Layout Smart Parking,12.843138,77.693069,HSR Layout,292,172,40.78,Open Lot,50,6.8,9.6,5.7,True,797,False,True,Active,2026-07-31T19:24:42.970895+00:00
71271974-ab62-416e-83af-62a4e538fff9,bengaluru,Marathahalli Public Parking,12.894167,77.694408,Marathahalli,237,77,67.37,Street,50,5.1,9.5,6.4,False,737,False,False,Active,2026-07-31T19:24:42.970907+00:00
ad41f066-8217-4448-8390-8f5694d1b18d,bengaluru,Malleshwaram Transit Parking,12.800514,77.763313,Malleshwaram,353,82,76.64,Street,20,6.4,9.2,5.6,True,508,False,False,Active,2026-07-31T19:24:42.970920+00:00
dfc03312-a91a-45ae-a2da-f2c4386db914,bengaluru,Malleshwaram Parking Zone,13.076154,77.584618,Malleshwaram,51,6,87.07,Open Lot,30,7.4,9.2,5.5,True,158,True,True,Active,2026-07-31T19:24:42.970932+00:00
dab104ce-6a68-4ee8-9f78-9591a449a5cd,bengaluru,Brigade Road Parking Zone,12.946329,77.776584,Brigade Road,236,98,58.35,Multi-level,60,5.4,9.8,8.1,False,193,True,True,Active,2026-07-31T19:24:42.970945+00:00
23f8edce-8212-4efd-898d-b5948661c558,bengaluru,Koramangala Smart Parking,13.010205,77.78127,Koramangala,233,163,29.97,Open Lot,40,7.8,8.9,9.5,True,332,False,False,Active,2026-07-31T19:24:42.970958+00:00
21a4a038-eee6-43ba-a9dd-eb3c2b6dd3dd,bengaluru,MG Road Transit Parking,12.987366,77.562718,MG Road,355,53,84.95,Open Lot,30,2.4,6.7,4.2,False,362,False,True,Active,2026-07-31T19:24:42.970970+00:00
46862c3b-59f1-4620-8757-bd708765cb38,bengaluru,Marathahalli Smart Parking,12.99826,77.787752,Marathahalli,51,8,83.87,Street,40,5.3,4.5,8.6,True,682,False,True,Active,2026-07-31T19:24:42.970983+00:00
b744f028-097d-4dc3-973f-c52548901e90,bengaluru,Indiranagar Transit Parking,12.863275,77.587356,Indiranagar,445,130,70.69,Multi-level,50,5.3,7.9,3.2,True,396,False,True,Active,2026-07-31T19:24:42.970995+00:00
4779af36-7afe-4697-a643-6a1d706bc723,bengaluru,Koramangala Transit Parking,12.846199,77.675097,Koramangala,496,329,33.65,Street,40,7.3,9.5,6.1,True,446,False,True,Active,2026-07-31T19:24:42.971009+00:00
3361d5d9-82c3-4a2a-a46a-cf800807e322,bengaluru,Electronic City Transit Parking,12.899769,77.725788,Electronic City,434,145,66.58,Mall Parking,40,3.7,3.6,4.1,True,372,True,True,Active,2026-07-31T19:24:42.971022+00:00
80e7969b-492e-49c8-8c5d-11bdec8351e7,bengaluru,Rajajinagar Smart Parking,12.955923,77.734537,Rajajinagar,478,323,32.26,Open Lot,20,5.6,8.0,5.2,True,693,False,False,Active,2026-07-31T19:24:42.971035+00:00
99fd8d6d-0cbe-4ba8-8821-a08d54cce814,bengaluru,Yelahanka Public Parking,12.821203,77.786358,Yelahanka,225,149,33.48,Mall Parking,40,5.6,5.1,6.1,True,593,False,True,Active,2026-07-31T19:24:42.971046+00:00
afc259da-4f85-442f-a01a-a1e110f369b7,bengaluru,Jayanagar Transit Parking,13.053426,77.788702,Jayanagar,110,42,61.32,Open Lot,50,4.8,7.4,3.5,True,138,False,True,Active,2026-07-31T19:24:42.971078+00:00
b9832b73-8517-4e15-a9e0-424f5be3d17e,bengaluru,Brigade Road Parking Zone,12.948717,77.70153,Brigade Road,212,150,28.93,Underground,30,3.6,5.9,7.9,False,388,True,False,Active,2026-07-31T19:24:42.971093+00:00
a4cfaaf0-3ff8-4b5b-82f9-99b33f91f715,bengaluru,HSR Layout Smart Parking,13.064015,77.683806,HSR Layout,451,394,12.5,Underground,50,6.6,8.6,7.4,True,113,True,False,Active,2026-07-31T19:24:42.971105+00:00
854540f5-d155-43d1-9fa4-2ed1f8be7890,bengaluru,Banashankari Transit Parking,13.032864,77.77704,Banashankari,309,152,50.7,Underground,60,8.1,7.3,9.6,True,264,False,True,Active,2026-07-31T19:24:42.971118+00:00
1fc33270-dacc-42ea-9968-5d22178a6a92,bengaluru,Hebbal Parking Zone,13.068698,77.765352,Hebbal,97,75,21.82,Underground,20,4.0,6.6,3.3,True,70,True,True,Active,2026-07-31T19:24:42.971130+00:00
2cdd5c92-7004-4ad7-8742-ea86f61adad9,bengaluru,Yelahanka Public Parking,12.932742,77.715869,Yelahanka,190,58,69.3,Mall Parking,30,2.8,3.6,7.8,False,682,False,True,Active,2026-07-31T19:24:42.971142+00:00
08f8c0e1-a305-4ae9-8b2c-ea0071e8eda0,bengaluru,Marathahalli Public Parking,12.943226,77.735786,Marathahalli,309,81,73.49,Open Lot,50,3.3,4.3,6.9,False,556,False,False,Active,2026-07-31T19:24:42.971154+00:00
6274569c-998e-4fae-8675-11f73c3d3b15,bengaluru,Indiranagar Smart Parking,12.89327,77.599576,Indiranagar,175,107,38.63,Street,50,4.5,7.7,6.9,False,589,True,True,Active,2026-07-31T19:24:42.971167+00:00
61bdc878-de53-4a01-8380-fe54e261df22,bengaluru,Rajajinagar Transit Parking,12.935041,77.537827,Rajajinagar,110,56,48.91,Mall Parking,60,4.1,4.5,3.1,True,404,True,True,Active,2026-07-31T19:24:42.971179+00:00
23316d03-ddef-465b-81df-1a5031d6ce83,bengaluru,Rajajinagar Smart Parking,12.863628,77.768843,Rajajinagar,382,22,94.01,Open Lot,20,2.7,3.6,6.3,False,590,False,False,Active,2026-07-31T19:24:42.971191+00:00
fb759358-b749-483e-9cf3-53104e6835e1,bengaluru,Bellandur Parking Zone,12.934637,77.719505,Bellandur,193,36,81.25,Mall Parking,20,5.6,3.8,8.1,True,625,True,False,Active,2026-07-31T19:24:42.971204+00:00
dd09e770-4330-4a6d-9a01-bfa3dc4d4146,bengaluru,Malleshwaram Public Parking,13.013541,77.727275,Malleshwaram,297,42,85.58,Multi-level,50,5.4,9.7,6.1,False,553,True,True,Active,2026-07-31T19:24:42.971219+00:00
d8fab10f-a3d0-4276-99ca-da266a01bb03,bengaluru,Brigade Road Smart Parking,12.871719,77.736387,Brigade Road,248,22,91.1,Open Lot,20,6.4,9.6,8.3,False,294,True,True,Active,2026-07-31T19:24:42.971233+00:00
c03abf08-e93d-4b69-ab64-a8f8a4001ef6,bengaluru,HSR Layout Public Parking,12.941756,77.562857,HSR Layout,105,41,60.39,Street,30,6.1,7.4,4.3,True,427,True,False,Active,2026-07-31T19:24:42.971249+00:00
33fe52c0-46c9-4ff7-b84b-f1094ef4e9b3,bengaluru,Indiranagar Smart Parking,12.94097,77.519305,Indiranagar,448,275,38.57,Mall Parking,30,4.7,3.9,4.4,True,791,False,False,Active,2026-07-31T19:24:42.971262+00:00
7f733829-f907-4994-909b-579eb90ef8aa,bengaluru,Jayanagar Smart Parking,12.913135,77.62157,Jayanagar,84,30,63.17,Multi-level,20,6.0,7.3,7.1,True,749,False,True,Active,2026-07-31T19:24:42.971275+00:00
bf13c2be-de83-4ada-b2f4-0bc4fcc2e6bd,bengaluru,MG Road Parking Zone,13.033251,77.700642,MG Road,383,258,32.51,Mall Parking,50,5.7,8.9,3.5,True,265,True,True,Active,2026-07-31T19:24:42.971289+00:00
daf50f3f-d304-4183-b89c-4de7be19bc39,bengaluru,Banashankari Smart Parking,12.873203,77.683889,Banashankari,407,307,24.34,Multi-level,50,4.2,5.7,9.4,False,71,True,True,Active,2026-07-31T19:24:42.971300+00:00
20a18964-abb7-4d19-8f6a-21e65fbc35e2,bengaluru,Electronic City Transit Parking,12.991539,77.589222,Electronic City,332,52,84.23,Mall Parking,20,5.2,4.2,5.6,True,543,True,False,Active,2026-07-31T19:24:42.971313+00:00
0ce6d994-0fe4-4dc2-8375-20978e0538d9,bengaluru,HSR Layout Parking Zone,12.970715,77.740729,HSR Layout,343,93,72.76,Mall Parking,60,5.8,7.6,4.6,True,397,False,True,Active,2026-07-31T19:24:42.971326+00:00
1da340d4-bc74-4ddb-85b6-d69a91923045,bengaluru,MG Road Public Parking,12.987688,77.697803,MG Road,147,56,61.24,Open Lot,60,8.9,9.8,9.9,True,151,False,False,Active,2026-07-31T19:24:42.971339+00:00
27345b73-4c23-4b58-919c-2a80c55dabd4,bengaluru,Yelahanka Smart Parking,12.90241,77.561889,Yelahanka,406,343,15.44,Open Lot,60,7.4,9.3,6.3,True,476,False,False,Active,2026-07-31T19:24:42.971352+00:00
4c734c6c-7169-41f6-9f23-c84d63e93668,bengaluru,HSR Layout Parking Zone,12.965152,77.695531,HSR Layout,163,103,36.2,Open Lot,60,7.6,9.2,7.7,True,156,True,True,Active,2026-07-31T19:24:42.971364+00:00
520a9648-0b3f-49d5-bb16-73cbc3caa5cb,bengaluru,HSR Layout Public Parking,12.814806,77.64243,HSR Layout,58,35,38.78,Underground,30,6.5,7.5,8.0,True,457,True,False,Active,2026-07-31T19:24:42.971377+00:00
84492056-46b0-4a08-9681-ae1800b4e519,bengaluru,Banashankari Public Parking,12.982998,77.546531,Banashankari,413,120,70.93,Underground,60,5.4,6.5,6.1,True,203,True,False,Active,2026-07-31T19:24:42.971389+00:00
8c378500-124a-4da5-b3d6-e12cf7a15c2d,bengaluru,Whitefield Parking Zone,12.985863,77.656118,Whitefield,278,152,45.1,Open Lot,50,4.6,3.2,8.0,True,343,False,True,Active,2026-07-31T19:24:42.971401+00:00
d0c987ae-114f-49ee-a4ad-1d5c35fc3979,bengaluru,Koramangala Smart Parking,12.863174,77.787245,Koramangala,362,191,46.98,Street,50,3.5,5.3,6.0,False,736,False,True,Active,2026-07-31T19:24:42.971414+00:00
62b766ff-cb26-4361-9f8a-642c8be5acf7,bengaluru,Indiranagar Parking Zone,12.892528,77.558312,Indiranagar,211,46,77.8,Street,30,3.2,4.1,8.2,False,779,False,False,Active,2026-07-31T19:24:42.971426+00:00
cbd61ab9-5ca3-4e6e-969a-ba73af6566f5,bengaluru,Bellandur Smart Parking,13.091855,77.642267,Bellandur,390,58,85.08,Street,60,4.0,5.0,7.6,False,574,False,True,Active,2026-07-31T19:24:42.971438+00:00
e4b5fc8c-3186-4a65-bebe-7a41afec20cd,bengaluru,Yelahanka Transit Parking,12.956414,77.545149,Yelahanka,412,272,33.76,Multi-level,20,4.2,8.2,6.1,False,454,True,True,Active,2026-07-31T19:24:42.971450+00:00
5698dea3-3d64-4929-a5a9-d38a2413a963,bengaluru,Banashankari Transit Parking,12.913214,77.751939,Banashankari,407,166,59.14,Underground,40,7.4,9.2,8.4,True,297,True,True,Active,2026-07-31T19:24:42.971463+00:00
d01cbcf3-d3b0-43e3-9b5c-f178cec407dc,bengaluru,Hebbal Parking Zone,13.051469,77.654085,Hebbal,354,54,84.69,Street,60,4.8,5.1,5.5,True,562,False,True,Active,2026-07-31T19:24:42.971477+00:00
b2a15b20-407c-4585-b5d1-e15c1bd2b032,bengaluru,Rajajinagar Public Parking,12.842045,77.70337,Rajajinagar,247,83,66.35,Multi-level,40,4.6,3.4,6.6,True,302,False,False,Active,2026-07-31T19:24:42.971490+00:00
4de99632-504e-405a-813b-f3d5eed1312b,bengaluru,MG Road Smart Parking,13.022371,77.744876,MG Road,330,72,77.88,Underground,30,5.2,6.4,3.2,True,140,True,True,Active,2026-07-31T19:24:42.971503+00:00
d04e4516-206b-4de2-9665-f6915dae2ec0,bengaluru,Whitefield Smart Parking,12.808813,77.527581,Whitefield,396,283,28.49,Multi-level,30,3.9,8.4,5.5,False,399,False,False,Active,2026-07-31T19:24:42.971515+00:00
e3408b8b-b0c9-429d-83ef-cd04fa3ce041,bengaluru,Yelahanka Smart Parking,12.841564,77.769408,Yelahanka,118,70,40.14,Open Lot,20,3.9,3.1,8.3,False,775,False,True,Active,2026-07-31T19:24:42.971528+00:00
2327b2d5-e45c-4124-bfe7-272fb103f7da,bengaluru,Malleshwaram Smart Parking,13.093092,77.659641,Malleshwaram,182,27,85.08,Underground,50,6.7,7.0,8.0,True,308,True,False,Active,2026-07-31T19:24:42.971540+00:00
e01d01e9-ee3e-45b1-9df2-1e23dae475ce,bengaluru,Jayanagar Parking Zone,12.818793,77.749811,Jayanagar,437,367,15.8,Mall Parking,20,1.0,4.3,3.1,False,715,False,True,Active,2026-07-31T19:24:42.971553+00:00
0fc05c7b-9c81-4302-a70a-95a3737da807,bengaluru,MG Road Public Parking,13.056619,77.607156,MG Road,464,232,49.89,Open Lot,50,5.6,5.9,7.3,True,248,False,True,Active,2026-07-31T19:24:42.971565+00:00
346bdf49-acf5-4d36-94cb-859a58be96e3,bengaluru,Jayanagar Transit Parking,12.816128,77.792747,Jayanagar,114,7,93.06,Street,60,4.3,4.1,9.3,False,82,True,True,Active,2026-07-31T19:24:42.971578+00:00
d8c439d6-dc41-4155-b4f2-9b222a754388,bengaluru,Indiranagar Transit Parking,13.050496,77.799862,Indiranagar,429,39,90.71,Multi-level,30,7.5,9.5,8.6,True,265,False,True,Active,2026-07-31T19:24:42.971590+00:00
2b91779b-34dc-428f-8d7c-74815e3c53f1,bengaluru,Koramangala Parking Zone,12.99354,77.770876,Koramangala,73,64,11.33,Street,40,7.1,8.0,8.7,True,529,True,True,Active,2026-07-31T19:24:42.971609+00:00
0b50d73c-4d1b-49ac-9c88-646d69e348b7,bengaluru,Electronic City Transit Parking,12.8869,77.522937,Electronic City,115,99,13.07,Open Lot,30,4.4,6.4,3.3,True,233,True,True,Active,2026-07-31T19:24:42.971623+00:00
067214a3-52d8-41c8-84c0-18ba309f50de,bengaluru,Hebbal Parking Zone,12.953942,77.599967,Hebbal,116,68,40.64,Multi-level,30,7.2,5.8,8.6,True,81,False,False,Active,2026-07-31T19:24:42.971636+00:00
c958463d-1146-4154-8fc2-9d27f0e6f37a,bengaluru,Koramangala Public Parking,13.052939,77.759349,Koramangala,383,73,80.83,Street,20,2.2,6.9,3.5,False,360,True,False,Active,2026-07-31T19:24:42.971648+00:00
1111b8bc-cdd4-486e-9ea7-5a25b6338389,bengaluru,MG Road Public Parking,12.891981,77.538977,MG Road,304,260,14.21,Street,50,4.2,4.3,9.8,False,295,False,False,Active,2026-07-31T19:24:42.971661+00:00
87416cbf-f238-4ae3-b584-38b086e07dad,bengaluru,Jayanagar Transit Parking,13.081663,77.696091,Jayanagar,443,125,71.71,Multi-level,50,4.6,6.3,3.1,True,771,True,True,Active,2026-07-31T19:24:42.971674+00:00
07f5a776-dfa0-4f66-b036-e3d045e41ca2,bengaluru,Brigade Road Parking Zone,12.937879,77.786204,Brigade Road,147,33,77.44,Mall Parking,60,5.4,5.6,9.1,False,115,False,True,Active,2026-07-31T19:24:42.971689+00:00
91462eae-9abb-4097-87d3-a21f34146923,bengaluru,MG Road Public Parking,12.970111,77.583713,MG Road,158,31,80.2,Underground,20,6.7,7.6,6.8,True,509,False,True,Active,2026-07-31T19:24:42.971703+00:00
1780a901-6662-40a7-853b-38ec40d9bbca,bengaluru,Whitefield Transit Parking,12.955839,77.693453,Whitefield,445,96,78.36,Street,30,6.7,7.9,5.3,True,167,True,True,Active,2026-07-31T19:24:42.971716+00:00
7bb835c4-e4ab-4ceb-8512-f33fef616080,bengaluru,Rajajinagar Smart Parking,12.903368,77.539065,Rajajinagar,264,25,90.4,Mall Parking,30,5.8,10.0,6.4,False,79,True,True,Active,2026-07-31T19:24:42.971729+00:00
2b8a542c-9848-4677-96b0-e3281a14ee6a,bengaluru,Indiranagar Parking Zone,13.040604,77.598203,Indiranagar,282,241,14.49,Open Lot,50,3.8,4.0,3.6,True,415,False,True,Active,2026-07-31T19:24:42.971745+00:00
c0f7b320-9ee4-486b-ade9-00aeb522dfb7,bengaluru,Marathahalli Smart Parking,13.098735,77.788953,Marathahalli,315,170,45.94,Street,20,5.3,7.5,3.0,True,721,False,False,Active,2026-07-31T19:24:42.971757+00:00
0e93575f-4c28-4efe-9e98-31b3b4d2c693,bengaluru,MG Road Public Parking,12.970822,77.533702,MG Road,177,45,74.33,Multi-level,30,2.4,4.1,3.9,False,359,True,True,Active,2026-07-31T19:24:42.971770+00:00
91b614e3-2bbb-4a22-a603-250dcc679b59,bengaluru,HSR Layout Parking Zone,12.929823,77.525139,HSR Layout,202,16,91.88,Mall Parking,50,3.5,4.9,3.7,True,222,True,False,Active,2026-07-31T19:24:42.971796+00:00
933e10c0-9e4d-4f03-b466-c752998796d0,bengaluru,Whitefield Public Parking,12.934895,77.760837,Whitefield,440,60,86.14,Multi-level,20,3.8,7.3,5.0,False,732,False,False,Active,2026-07-31T19:24:42.971811+00:00
7e0e9e07-b17b-4ab9-a74b-9f6f4327471d,bengaluru,Whitefield Parking Zone,12.936521,77.64574,Whitefield,394,157,60.13,Multi-level,60,7.5,9.3,6.7,True,327,True,True,Active,2026-07-31T19:24:42.971824+00:00
7d206759-3972-4d84-ad69-3a6c5b5cf50e,bengaluru,Koramangala Parking Zone,12.874853,77.665206,Koramangala,383,81,78.79,Open Lot,40,6.9,7.9,6.1,True,151,False,False,Active,2026-07-31T19:24:42.971836+00:00
6273e40e-2b49-4449-920f-194fd546be01,bengaluru,Marathahalli Parking Zone,12.913272,77.670942,Marathahalli,425,55,86.89,Multi-level,20,4.5,9.9,3.4,False,745,True,True,Active,2026-07-31T19:24:42.971849+00:00
2090258f-0048-4823-bf1d-c99cbd07255d,bengaluru,Whitefield Public Parking,13.095041,77.692629,Whitefield,435,69,83.99,Underground,50,3.8,6.9,5.8,False,786,True,True,Active,2026-07-31T19:24:42.971862+00:00
0aafe011-ca97-4ddf-97c5-e71de5da0a8a,bengaluru,Malleshwaram Transit Parking,13.060235,77.594758,Malleshwaram,73,4,93.78,Open Lot,20,8.0,9.8,8.9,True,235,True,True,Active,2026-07-31T19:24:42.971875+00:00
eabd6a8c-abe5-4600-a59a-bdfa9a82a70f,bengaluru,Yelahanka Parking Zone,12.820535,77.630179,Yelahanka,60,3,94.27,Street,50,7.5,9.9,6.1,True,498,False,True,Active,2026-07-31T19:24:42.971890+00:00
03b67488-88c2-4685-b0fe-0f5c1092ec59,bengaluru,Electronic City Transit Parking,13.062942,77.619343,Electronic City,120,92,22.86,Underground,20,5.9,5.9,7.0,True,144,True,True,Active,2026-07-31T19:24:42.971903+00:00
32e94628-aba4-4d81-a5e3-faa95f2b616e,bengaluru,Koramangala Smart Parking,12.965813,77.686216,Koramangala,489,273,44.11,Mall Parking,40,4.8,5.4,4.9,True,403,True,False,Active,2026-07-31T19:24:42.971917+00:00
c4b1aaa5-12fb-4a1a-852a-8517b096a16a,bengaluru,Jayanagar Parking Zone,13.011025,77.661902,Jayanagar,144,121,15.52,Street,60,2.3,5.2,3.9,False,709,False,True,Active,2026-07-31T19:24:42.971931+00:00
09579f94-5c9e-4c01-9dff-e5cac20af466,bengaluru,Malleshwaram Transit Parking,13.044999,77.775826,Malleshwaram,160,43,73.07,Open Lot,40,4.8,5.3,5.2,True,454,False,True,Active,2026-07-31T19:24:42.971945+00:00
fab44cbe-33ce-4f93-b041-b4d737d776e1,bengaluru,Koramangala Parking Zone,13.064521,77.733842,Koramangala,456,268,41.15,Underground,40,3.5,5.0,5.7,False,294,False,True,Active,2026-07-31T19:24:42.971958+00:00
d726d1d3-2a38-49a4-b9d8-27e2573bdfeb,bengaluru,Jayanagar Smart Parking,13.030961,77.628039,Jayanagar,297,122,58.65,Multi-level,60,6.6,6.2,8.8,True,107,False,False,Active,2026-07-31T19:24:42.971971+00:00
b767cd64-cbcd-4fe3-ac9d-9f6140bf9028,bengaluru,Marathahalli Public Parking,12.945994,77.786343,Marathahalli,154,112,27.05,Multi-level,60,6.7,8.3,8.0,True,147,False,True,Active,2026-07-31T19:24:42.971984+00:00
e2db51cd-4b58-4ea1-a660-a7abce6dc187,bengaluru,Indiranagar Public Parking,13.072702,77.686326,Indiranagar,431,166,61.26,Open Lot,50,4.6,3.1,10.0,False,107,False,True,Active,2026-07-31T19:24:42.971998+00:00
7e528263-9b4a-47ed-b9d7-636bb7e75779,bengaluru,HSR Layout Public Parking,12.865261,77.686987,HSR Layout,284,107,61.99,Open Lot,40,6.6,8.2,5.6,True,793,False,True,Active,2026-07-31T19:24:42.972014+00:00
403cf9f2-18fa-4c25-956a-47f056241e24,bengaluru,Jayanagar Public Parking,12.956241,77.713864,Jayanagar,480,183,61.85,Mall Parking,30,2.8,5.9,4.5,False,642,False,True,Active,2026-07-31T19:24:42.972032+00:00
bdc777ff-7b21-45bd-ab5c-3f198dbf62fe,bengaluru,HSR Layout Public Parking,12.857754,77.783134,HSR Layout,496,276,44.21,Street,50,4.9,3.8,7.9,True,534,True,True,Active,2026-07-31T19:24:42.972046+00:00
eb89924e-6f70-4771-8994-2e842e5153cc,bengaluru,Whitefield Public Parking,13.009622,77.654766,Whitefield,230,146,36.36,Street,40,3.5,5.8,8.0,False,636,True,True,Active,2026-07-31T19:24:42.972060+00:00
bff982b8-1772-4c1f-8e41-4e561111584d,bengaluru,Rajajinagar Transit Parking,12.944863,77.512584,Rajajinagar,194,36,81.24,Underground,40,3.6,7.2,3.4,False,616,True,True,Active,2026-07-31T19:24:42.972073+00:00
d208a41e-6a20-4db2-bc1b-0e352589752f,bengaluru,Malleshwaram Smart Parking,12.916471,77.706127,Malleshwaram,357,310,13.08,Mall Parking,40,2.7,4.7,4.1,False,286,False,True,Active,2026-07-31T19:24:42.972087+00:00
c7a14bda-57f0-4cd0-a30b-dda05bbe28c8,bengaluru,Rajajinagar Parking Zone,13.059982,77.54218,Rajajinagar,176,100,42.72,Underground,20,6.5,9.6,3.6,True,396,True,False,Active,2026-07-31T19:24:42.972100+00:00
6e51222e-9baa-4d10-a093-b560cee677bc,bengaluru,Jayanagar Public Parking,12.929782,77.771955,Jayanagar,196,20,89.47,Street,50,3.3,4.9,5.8,False,354,True,True,Active,2026-07-31T19:24:42.972113+00:00
43880ad5-75a9-4f03-b848-294be7ea1ead,bengaluru,Bellandur Transit Parking,13.039564,77.619118,Bellandur,258,124,51.61,Multi-level,30,4.1,6.6,3.6,True,368,False,False,Active,2026-07-31T19:24:42.972126+00:00
470de5d1-ca7b-4fe7-83d9-1ad76c9909a3,bengaluru,HSR Layout Public Parking,12.835798,77.791852,HSR Layout,293,236,19.25,Open Lot,50,4.4,7.2,6.2,False,126,True,True,Active,2026-07-31T19:24:42.972158+00:00
bccc7674-5c78-44e0-a9ae-f61eddde83bb,bengaluru,Indiranagar Smart Parking,12.813281,77.747403,Indiranagar,98,10,89.15,Underground,40,3.9,5.1,6.0,False,449,True,False,Active,2026-07-31T19:24:42.972173+00:00
6b3730bf-aa3b-48fe-b9f1-d6bcd3d85b57,bengaluru,Jayanagar Transit Parking,12.957027,77.787478,Jayanagar,139,91,34.11,Mall Parking,50,5.6,4.2,6.8,True,95,False,True,Active,2026-07-31T19:24:42.972191+00:00
2c5c5b27-b485-443b-8f6e-2cfe57c57791,bengaluru,Marathahalli Public Parking,13.066358,77.527312,Marathahalli,241,186,22.72,Street,30,4.0,4.4,5.6,True,204,False,True,Active,2026-07-31T19:24:42.972206+00:00
04d1a117-1e60-47ac-a83f-bcbae4abd616,bengaluru,HSR Layout Parking Zone,12.802692,77.552552,HSR Layout,322,275,14.37,Street,40,2.5,6.8,3.3,False,658,True,True,Active,2026-07-31T19:24:42.972220+00:00
3104971a-0b1e-4464-95e5-920d6c61b530,bengaluru,Jayanagar Smart Parking,12.928067,77.611264,Jayanagar,415,151,63.53,Mall Parking,40,6.0,4.8,7.9,True,276,True,True,Active,2026-07-31T19:24:42.972232+00:00
5e0fccd4-b34d-419a-8168-cf1450b22e8f,bengaluru,Rajajinagar Parking Zone,12.82248,77.760019,Rajajinagar,363,277,23.66,Mall Parking,60,4.3,6.0,4.2,True,484,False,True,Active,2026-07-31T19:24:42.972246+00:00
29101146-e4cf-4758-b968-a0ce26338977,bengaluru,Indiranagar Parking Zone,12.986509,77.591253,Indiranagar,280,188,32.69,Underground,60,3.3,3.4,3.9,True,234,True,False,Active,2026-07-31T19:24:42.972259+00:00
6ff6f1ff-efc9-40aa-b8fa-910caed028de,bengaluru,Bellandur Parking Zone,13.061211,77.589479,Bellandur,58,40,29.84,Multi-level,20,4.5,4.1,4.5,True,678,False,True,Active,2026-07-31T19:24:42.972273+00:00
07f38f90-e6d6-4d6f-8e9a-5c15ab89e3e0,bengaluru,Marathahalli Transit Parking,12.908573,77.774063,Marathahalli,265,192,27.37,Underground,50,4.7,7.1,8.7,False,565,False,False,Active,2026-07-31T19:24:42.972287+00:00
98cc20ac-80b6-4d5e-826f-0175db654a16,bengaluru,Electronic City Parking Zone,13.018095,77.720007,Electronic City,387,178,54.0,Street,20,4.8,9.9,6.4,False,620,False,False,Active,2026-07-31T19:24:42.972303+00:00
c195499c-c29b-40ee-bd36-202d485b4ed9,bengaluru,Hebbal Public Parking,12.841702,77.690381,Hebbal,485,303,37.35,Multi-level,50,5.0,9.6,6.9,False,170,False,True,Active,2026-07-31T19:24:42.972316+00:00
011a9aee-f337-4079-924c-3fcd35b113e9,bengaluru,HSR Layout Parking Zone,12.842,77.585802,HSR Layout,148,125,15.31,Open Lot,50,2.9,4.2,4.9,False,390,False,True,Active,2026-07-31T19:24:42.972331+00:00
c069e1c2-b684-4e81-8025-a095e9ae64a6,bengaluru,Rajajinagar Public Parking,12.932144,77.548,Rajajinagar,481,71,85.14,Open Lot,30,6.1,7.5,4.2,True,719,False,True,Active,2026-07-31T19:24:42.972344+00:00
52570cd9-7247-4bf3-93ef-608d463a721c,bengaluru,Malleshwaram Parking Zone,12.952082,77.799228,Malleshwaram,259,13,94.93,Underground,60,4.3,5.3,7.3,False,214,True,False,Active,2026-07-31T19:24:42.972357+00:00
3c483ac0-5b88-45d2-bdc3-8ace6e264aa8,bengaluru,Rajajinagar Smart Parking,12.994113,77.763914,Rajajinagar,68,50,25.12,Street,30,6.4,5.5,8.2,True,311,True,True,Active,2026-07-31T19:24:42.972371+00:00
eff73f44-2dd7-4bea-8f37-32151778b0fa,bengaluru,Banashankari Transit Parking,12.99287,77.587504,Banashankari,244,161,33.7,Street,20,5.0,7.3,4.4,True,243,True,True,Active,2026-07-31T19:24:42.972384+00:00
822ec010-1b5e-4d18-aab7-7008b81102ab,bengaluru,MG Road Transit Parking,12.958143,77.745087,MG Road,127,57,54.87,Mall Parking,40,5.7,4.8,9.0,True,517,True,True,Active,2026-07-31T19:24:42.972398+00:00
300ccdb8-8184-4267-84c0-d4f498405288,bengaluru,Electronic City Transit Parking,12.925686,77.738172,Electronic City,467,148,68.15,Mall Parking,60,5.7,3.1,9.7,True,698,False,False,Active,2026-07-31T19:24:42.972412+00:00
67da1cce-7ee8-4791-8028-e405b9ebd695,bengaluru,Koramangala Smart Parking,12.802812,77.509073,Koramangala,466,233,49.8,Multi-level,30,6.6,4.7,9.6,True,640,True,True,Active,2026-07-31T19:24:42.972430+00:00
b5191993-c7b6-440f-81a6-d4294a0a05fd,bengaluru,Rajajinagar Smart Parking,12.922492,77.569869,Rajajinagar,291,84,70.99,Multi-level,60,4.3,4.2,5.3,True,536,True,False,Active,2026-07-31T19:24:42.972451+00:00
1ada0a83-9d35-4b0b-9211-4771590f4656,bengaluru,Marathahalli Smart Parking,12.873069,77.663924,Marathahalli,115,33,71.28,Multi-level,60,5.2,3.6,5.7,True,677,False,True,Active,2026-07-31T19:24:42.972472+00:00
9647a1a3-5c9a-4866-ad95-a76862845acf,bengaluru,Bellandur Parking Zone,12.814239,77.797146,Bellandur,355,51,85.63,Street,60,4.1,3.8,3.9,True,409,False,True,Active,2026-07-31T19:24:42.972493+00:00
9b1f1584-818f-4e86-b87b-571e8d4a2eaf,bengaluru,Koramangala Transit Parking,13.027702,77.722032,Koramangala,284,152,46.48,Mall Parking,60,3.9,8.7,5.1,False,382,False,True,Active,2026-07-31T19:24:42.972522+00:00
d7934177-bd69-45e2-b55b-e09463da6a84,bengaluru,Koramangala Smart Parking,12.858495,77.668998,Koramangala,155,104,32.58,Mall Parking,20,6.0,7.2,5.5,True,65,True,True,Active,2026-07-31T19:24:42.972542+00:00
52e1c165-809d-4134-b8d9-168b05ca8300,bengaluru,Whitefield Transit Parking,13.073639,77.765932,Whitefield,151,35,76.53,Underground,30,6.9,6.5,8.5,True,373,False,False,Active,2026-07-31T19:24:42.972565+00:00
ba5bc53c-ab63-44c0-8b16-5f2c02d8545b,bengaluru,Banashankari Smart Parking,12.951806,77.521353,Banashankari,183,74,59.06,Open Lot,30,3.5,5.6,3.0,True,499,False,False,Active,2026-07-31T19:24:42.972586+00:00
468835b7-f26a-442b-b4df-8fd831792c6c,bengaluru,Marathahalli Parking Zone,13.086987,77.637673,Marathahalli,200,58,70.71,Street,30,6.4,10.0,4.5,True,338,True,True,Active,2026-07-31T19:24:42.972607+00:00
06a18a10-0db8-4476-b4bd-44379f24f584,bengaluru,Rajajinagar Transit Parking,12.960068,77.639447,Rajajinagar,361,296,17.82,Multi-level,30,3.6,8.2,3.4,False,203,False,True,Active,2026-07-31T19:24:42.972629+00:00
589c5460-ecbb-4b88-8525-687c300c5e66,bengaluru,Jayanagar Smart Parking,12.846248,77.663457,Jayanagar,192,51,73.02,Mall Parking,30,2.9,3.7,5.3,False,336,False,True,Active,2026-07-31T19:24:42.972656+00:00
6257a472-ad02-47a3-b42d-ac7016198362,bengaluru,Banashankari Transit Parking,12.944032,77.509165,Banashankari,420,68,83.72,Street,30,6.8,7.2,7.1,True,405,True,True,Active,2026-07-31T19:24:42.972679+00:00
df429fad-46c6-4ad9-bb30-bf4f77755c7b,bengaluru,Brigade Road Transit Parking,13.077814,77.594222,Brigade Road,302,173,42.64,Underground,60,5.6,8.4,9.8,False,294,False,True,Active,2026-07-31T19:24:42.972699+00:00
d4395a99-ff9d-4468-83ce-dc0250032922,bengaluru,Electronic City Smart Parking,12.907892,77.698728,Electronic City,432,194,54.94,Underground,20,3.2,5.5,5.8,False,721,True,True,Active,2026-07-31T19:24:42.972721+00:00
1a2960d4-0e3d-4f42-87c7-c227b36c0eef,bengaluru,Malleshwaram Parking Zone,13.076799,77.660337,Malleshwaram,66,15,76.55,Mall Parking,30,5.7,6.6,6.3,True,469,True,False,Active,2026-07-31T19:24:42.972742+00:00
a24703d0-d368-4aee-aba3-238d4290f046,bengaluru,Rajajinagar Parking Zone,13.076339,77.726837,Rajajinagar,434,322,25.71,Street,50,6.1,8.1,5.2,True,105,True,True,Active,2026-07-31T19:24:42.972764+00:00
ded432d8-ba86-49a6-8377-cebdb96626de,bengaluru,Yelahanka Smart Parking,12.844064,77.767066,Yelahanka,204,166,18.53,Open Lot,50,4.7,3.7,9.5,False,596,False,True,Active,2026-07-31T19:24:42.972796+00:00
ee7f8ed1-5c2a-485c-95a1-2dc844f8e317,bengaluru,Hebbal Public Parking,12.83617,77.727477,Hebbal,200,26,86.66,Underground,30,4.8,4.2,7.7,True,359,True,True,Active,2026-07-31T19:24:42.972821+00:00
4e4a146b-cd14-4c52-bfb7-34a4761f55aa,bengaluru,Marathahalli Smart Parking,13.089807,77.62264,Marathahalli,235,174,25.92,Open Lot,20,4.0,7.1,7.4,False,708,True,True,Active,2026-07-31T19:24:42.972843+00:00
35c61b26-6234-43c9-9420-e25c37865d2a,bengaluru,Rajajinagar Parking Zone,13.004684,77.771275,Rajajinagar,344,262,23.78,Multi-level,30,5.1,4.3,8.3,True,647,True,True,Active,2026-07-31T19:24:42.972862+00:00
5096ad58-d924-413a-8bee-01ca3f0aca51,bengaluru,Rajajinagar Transit Parking,13.05031,77.678472,Rajajinagar,464,86,81.42,Underground,30,3.2,3.1,9.4,False,55,True,False,Active,2026-07-31T19:24:42.972884+00:00
8818935d-0282-41c9-8cce-c9955469fdac,bengaluru,MG Road Public Parking,12.855984,77.667093,MG Road,312,79,74.44,Street,60,6.9,6.8,9.4,True,56,False,False,Active,2026-07-31T19:24:42.972905+00:00
36a81b6c-86cb-47fc-8a19-2f262e9c73ab,bengaluru,Banashankari Transit Parking,12.89078,77.670389,Banashankari,158,101,35.46,Multi-level,50,8.2,9.5,8.7,True,504,False,True,Active,2026-07-31T19:24:42.972944+00:00
bfd641e4-9729-4919-b052-d8d7960b794b,bengaluru,Whitefield Public Parking,13.034636,77.596698,Whitefield,235,16,92.88,Mall Parking,30,5.0,7.4,4.0,True,64,False,True,Active,2026-07-31T19:24:42.972969+00:00
011e5f5d-9eea-4d7f-9cee-844eb4f7309d,bengaluru,Indiranagar Transit Parking,12.916,77.776124,Indiranagar,407,111,72.57,Street,30,6.0,6.9,7.6,True,783,False,True,Active,2026-07-31T19:24:42.972991+00:00
585bdbfe-e032-4e00-8252-3035bb3141e3,bengaluru,MG Road Public Parking,13.098847,77.588178,MG Road,301,63,79.04,Mall Parking,50,2.3,4.8,6.0,False,388,True,False,Active,2026-07-31T19:24:42.973020+00:00
6d7a68bb-3844-4d4f-a421-6f415d4bc020,bengaluru,HSR Layout Smart Parking,12.880042,77.723684,HSR Layout,71,13,80.29,Open Lot,50,9.0,9.4,9.5,True,609,False,False,Active,2026-07-31T19:24:42.973044+00:00
559227d5-e1cc-43bf-85d0-70021b1ecc2b,bengaluru,Hebbal Public Parking,12.816608,77.740559,Hebbal,373,205,44.93,Underground,60,8.6,10.0,9.0,True,84,True,True,Active,2026-07-31T19:24:42.973067+00:00
6f5e845a-c207-4b81-a62c-918dc50f7874,bengaluru,Whitefield Transit Parking,13.035642,77.516133,Whitefield,118,83,29.07,Street,20,2.9,7.0,4.4,False,213,False,True,Active,2026-07-31T19:24:42.973089+00:00
37ac649e-0e11-4fc8-804b-5a002172b8fb,bengaluru,Indiranagar Smart Parking,12.802589,77.740966,Indiranagar,470,25,94.6,Open Lot,30,3.1,3.6,3.1,True,736,False,True,Active,2026-07-31T19:24:42.973112+00:00
42282f94-831c-43bf-9538-21dccb521251,bengaluru,Koramangala Transit Parking,13.017711,77.565384,Koramangala,123,23,80.52,Multi-level,40,7.3,9.1,5.9,True,651,True,True,Active,2026-07-31T19:24:42.973136+00:00
8e975cef-3b91-427f-b014-688a654ecbad,bengaluru,Koramangala Parking Zone,13.078964,77.582853,Koramangala,447,384,14.08,Open Lot,20,5.2,4.6,6.6,True,152,True,True,Active,2026-07-31T19:24:42.973161+00:00
226c2c81-1ebd-46d3-952b-94dc532fce55,bengaluru,MG Road Parking Zone,13.03815,77.758319,MG Road,253,163,35.53,Mall Parking,30,1.5,3.1,5.6,False,209,True,True,Active,2026-07-31T19:24:42.973187+00:00
333ec6b1-5ac7-4f33-87e3-21a4749282af,bengaluru,Brigade Road Transit Parking,12.919691,77.523379,Brigade Road,50,17,65.82,Mall Parking,60,7.1,7.2,6.8,True,393,False,True,Active,2026-07-31T19:24:42.973254+00:00
147eb3ce-dd39-4cca-947f-4a21a883151b,bengaluru,Jayanagar Parking Zone,13.019303,77.565196,Jayanagar,380,114,69.85,Underground,20,2.8,6.1,3.3,False,781,False,True,Active,2026-07-31T19:24:42.973282+00:00
1591ead6-db88-4201-994e-b38edb128e95,bengaluru,Brigade Road Public Parking,13.063102,77.783192,Brigade Road,101,53,47.42,Street,30,4.6,8.6,6.9,False,727,True,True,Active,2026-07-31T19:24:42.973312+00:00
2fc8dfd1-5b01-434b-8850-f70678040068,bengaluru,Rajajinagar Parking Zone,12.989677,77.591899,Rajajinagar,322,132,58.97,Underground,60,3.7,5.6,5.0,False,284,False,False,Active,2026-07-31T19:24:42.973342+00:00
ac8d23b5-ce92-4fba-b0a2-34c84b829eed,bengaluru,Malleshwaram Smart Parking,12.933624,77.790789,Malleshwaram,71,61,13.24,Underground,20,6.3,3.5,9.4,True,60,False,True,Active,2026-07-31T19:24:42.973369+00:00
